country,commodity,indicator,value,unit,year,source_ids,evidence_label,confidence,notes
All WTO members,agricultural exports,export subsidies,eliminated,rule,2015,MIM-17,general,High,"Nairobi Decision: developed members at once (some processed, dairy and swine products to end-2020); developing members by end-2018 (some to end-2022); marketing and transport cost subsidies for developing members to end-2023; export credits limited to 18 months"
Australia,all agriculture,producer support estimate as % of gross farm receipts (%PSE),3.1,percent,2022,MIM-16,general,High,"Support of all kinds, including payments not tied to any product"
Australia,all agriculture,producer support estimate as % of gross farm receipts (%PSE),2.7,percent,2023,MIM-16,general,High,"Support of all kinds, including payments not tied to any product"
Australia,all agriculture,producer support estimate as % of gross farm receipts (%PSE),2.4,percent,2024,MIM-16,general,High,"Support of all kinds, including payments not tied to any product"
Australia,beef and veal,market price support (MPS),0.0,USD million,2022,MIM-15,general,High,
Australia,beef and veal,market price support (MPS),0.0,USD million,2023,MIM-15,general,High,
Australia,beef and veal,market price support (MPS),0.0,USD million,2024,MIM-15,general,High,
Australia,beef and veal,producer nominal protection coefficient (producer NPC),1.0,ratio (1.00 = no price support),2022,MIM-15,general,High,
Australia,beef and veal,producer nominal protection coefficient (producer NPC),1.0,ratio (1.00 = no price support),2023,MIM-15,general,High,
Australia,beef and veal,producer nominal protection coefficient (producer NPC),1.0,ratio (1.00 = no price support),2024,MIM-15,general,High,
Australia,beef and veal,producer price at farm gate,4117,USD per t,2024,MIM-15,general,High,OECD basis; compare across countries with care (product definitions differ)
Australia,pigmeat,market price support (MPS),0.0,USD million,2022,MIM-15,general,High,
Australia,pigmeat,market price support (MPS),0.0,USD million,2023,MIM-15,general,High,
Australia,pigmeat,market price support (MPS),0.0,USD million,2024,MIM-15,general,High,
Australia,pigmeat,producer nominal protection coefficient (producer NPC),1.0,ratio (1.00 = no price support),2022,MIM-15,general,High,
Australia,pigmeat,producer nominal protection coefficient (producer NPC),1.0,ratio (1.00 = no price support),2023,MIM-15,general,High,
Australia,pigmeat,producer nominal protection coefficient (producer NPC),1.0,ratio (1.00 = no price support),2024,MIM-15,general,High,
Australia,pigmeat,producer price at farm gate,2764,USD per t,2024,MIM-15,general,High,OECD basis; compare across countries with care (product definitions differ)
Australia,poultry meat,market price support (MPS),0.0,USD million,2022,MIM-15,general,High,
Australia,poultry meat,market price support (MPS),0.0,USD million,2023,MIM-15,general,High,
Australia,poultry meat,market price support (MPS),0.0,USD million,2024,MIM-15,general,High,
Australia,poultry meat,producer nominal protection coefficient (producer NPC),1.0,ratio (1.00 = no price support),2022,MIM-15,general,High,
Australia,poultry meat,producer nominal protection coefficient (producer NPC),1.0,ratio (1.00 = no price support),2023,MIM-15,general,High,
Australia,poultry meat,producer nominal protection coefficient (producer NPC),1.0,ratio (1.00 = no price support),2024,MIM-15,general,High,
Australia,poultry meat,producer price at farm gate,1796,USD per t,2024,MIM-15,general,High,OECD basis; compare across countries with care (product definitions differ)
Australia,raw milk,market price support (MPS),0.0,USD million,2022,MIM-15,general,High,
Australia,raw milk,market price support (MPS),0.0,USD million,2023,MIM-15,general,High,
Australia,raw milk,market price support (MPS),0.0,USD million,2024,MIM-15,general,High,
Australia,raw milk,producer nominal protection coefficient (producer NPC),,ratio (1.00 = no price support),2022,MIM-15,general,High,"OECD extract gives 0 with market price support also 0; treated as missing (probably no reference price that year), not as a coefficient"
Australia,raw milk,producer nominal protection coefficient (producer NPC),1.0,ratio (1.00 = no price support),2023,MIM-15,general,High,
Australia,raw milk,producer nominal protection coefficient (producer NPC),1.0,ratio (1.00 = no price support),2024,MIM-15,general,High,
Brazil,all agriculture,producer support estimate as % of gross farm receipts (%PSE),4.4,percent,2022,MIM-16,general,High,"Support of all kinds, including payments not tied to any product"
Brazil,all agriculture,producer support estimate as % of gross farm receipts (%PSE),4.4,percent,2023,MIM-16,general,High,"Support of all kinds, including payments not tied to any product"
Brazil,all agriculture,producer support estimate as % of gross farm receipts (%PSE),7.5,percent,2024,MIM-16,general,High,"Support of all kinds, including payments not tied to any product"
Brazil,beef and veal,market price support (MPS),0.0,USD million,2022,MIM-15,general,High,
Brazil,beef and veal,market price support (MPS),0.0,USD million,2023,MIM-15,general,High,
Brazil,beef and veal,market price support (MPS),0.0,USD million,2024,MIM-15,general,High,
Brazil,beef and veal,producer nominal protection coefficient (producer NPC),1.0,ratio (1.00 = no price support),2022,MIM-15,general,High,
Brazil,beef and veal,producer nominal protection coefficient (producer NPC),1.0,ratio (1.00 = no price support),2023,MIM-15,general,High,
Brazil,beef and veal,producer nominal protection coefficient (producer NPC),1.0,ratio (1.00 = no price support),2024,MIM-15,general,High,
Brazil,beef and veal,producer price at farm gate,2946,USD per t,2024,MIM-15,general,High,OECD basis; compare across countries with care (product definitions differ)
Brazil,maize,producer nominal protection coefficient (producer NPC),1.0,ratio (1.00 = no price support),2022,MIM-15,general,High,Feed grain; below 1.00 means domestic feed cheaper than border price because of policy
Brazil,maize,producer nominal protection coefficient (producer NPC),1.12,ratio (1.00 = no price support),2023,MIM-15,general,High,Feed grain; below 1.00 means domestic feed cheaper than border price because of policy
Brazil,maize,producer nominal protection coefficient (producer NPC),1.0,ratio (1.00 = no price support),2024,MIM-15,general,High,Feed grain; below 1.00 means domestic feed cheaper than border price because of policy
Brazil,pigmeat,market price support (MPS),0.0,USD million,2022,MIM-15,general,High,
Brazil,pigmeat,market price support (MPS),0.0,USD million,2023,MIM-15,general,High,
Brazil,pigmeat,market price support (MPS),2793.5,USD million,2024,MIM-15,general,High,
Brazil,pigmeat,producer nominal protection coefficient (producer NPC),1.0,ratio (1.00 = no price support),2022,MIM-15,general,High,
Brazil,pigmeat,producer nominal protection coefficient (producer NPC),1.0,ratio (1.00 = no price support),2023,MIM-15,general,High,
Brazil,pigmeat,producer nominal protection coefficient (producer NPC),1.66,ratio (1.00 = no price support),2024,MIM-15,general,High,
Brazil,pigmeat,producer price at farm gate,1306,USD per t,2024,MIM-15,general,High,OECD basis; compare across countries with care (product definitions differ)
Brazil,poultry meat,market price support (MPS),0.0,USD million,2022,MIM-15,general,High,
Brazil,poultry meat,market price support (MPS),0.0,USD million,2023,MIM-15,general,High,
Brazil,poultry meat,market price support (MPS),0.0,USD million,2024,MIM-15,general,High,
Brazil,poultry meat,producer nominal protection coefficient (producer NPC),1.0,ratio (1.00 = no price support),2022,MIM-15,general,High,
Brazil,poultry meat,producer nominal protection coefficient (producer NPC),1.0,ratio (1.00 = no price support),2023,MIM-15,general,High,
Brazil,poultry meat,producer nominal protection coefficient (producer NPC),1.0,ratio (1.00 = no price support),2024,MIM-15,general,High,
Brazil,poultry meat,producer price at farm gate,1288,USD per t,2024,MIM-15,general,High,OECD basis; compare across countries with care (product definitions differ)
Brazil,raw milk,market price support (MPS),3123.0,USD million,2022,MIM-15,general,High,
Brazil,raw milk,market price support (MPS),0.0,USD million,2023,MIM-15,general,High,
Brazil,raw milk,market price support (MPS),1288.4,USD million,2024,MIM-15,general,High,
Brazil,raw milk,producer nominal protection coefficient (producer NPC),1.2,ratio (1.00 = no price support),2022,MIM-15,general,High,
Brazil,raw milk,producer nominal protection coefficient (producer NPC),1.0,ratio (1.00 = no price support),2023,MIM-15,general,High,
Brazil,raw milk,producer nominal protection coefficient (producer NPC),1.08,ratio (1.00 = no price support),2024,MIM-15,general,High,
Brazil,soybeans,producer nominal protection coefficient (producer NPC),1.0,ratio (1.00 = no price support),2022,MIM-15,general,High,Feed grain; below 1.00 means domestic feed cheaper than border price because of policy
Brazil,soybeans,producer nominal protection coefficient (producer NPC),1.0,ratio (1.00 = no price support),2023,MIM-15,general,High,Feed grain; below 1.00 means domestic feed cheaper than border price because of policy
Brazil,soybeans,producer nominal protection coefficient (producer NPC),1.0,ratio (1.00 = no price support),2024,MIM-15,general,High,Feed grain; below 1.00 means domestic feed cheaper than border price because of policy
Canada,all agriculture,producer support estimate as % of gross farm receipts (%PSE),7.9,percent,2022,MIM-16,general,High,"Support of all kinds, including payments not tied to any product"
Canada,all agriculture,producer support estimate as % of gross farm receipts (%PSE),7.7,percent,2023,MIM-16,general,High,"Support of all kinds, including payments not tied to any product"
Canada,all agriculture,producer support estimate as % of gross farm receipts (%PSE),9.1,percent,2024,MIM-16,general,High,"Support of all kinds, including payments not tied to any product"
Canada,beef and veal,market price support (MPS),0.0,USD million,2022,MIM-15,general,High,
Canada,beef and veal,market price support (MPS),77.7,USD million,2023,MIM-15,general,High,
Canada,beef and veal,market price support (MPS),290.1,USD million,2024,MIM-15,general,High,
Canada,beef and veal,producer nominal protection coefficient (producer NPC),1.0,ratio (1.00 = no price support),2022,MIM-15,general,High,
Canada,beef and veal,producer nominal protection coefficient (producer NPC),1.01,ratio (1.00 = no price support),2023,MIM-15,general,High,
Canada,beef and veal,producer nominal protection coefficient (producer NPC),1.03,ratio (1.00 = no price support),2024,MIM-15,general,High,
Canada,beef and veal,producer price at farm gate,6767,USD per t,2024,MIM-15,general,High,OECD basis; compare across countries with care (product definitions differ)
Canada,pigmeat,market price support (MPS),0.0,USD million,2022,MIM-15,general,High,
Canada,pigmeat,market price support (MPS),0.0,USD million,2023,MIM-15,general,High,
Canada,pigmeat,market price support (MPS),0.0,USD million,2024,MIM-15,general,High,
Canada,pigmeat,producer nominal protection coefficient (producer NPC),1.0,ratio (1.00 = no price support),2022,MIM-15,general,High,
Canada,pigmeat,producer nominal protection coefficient (producer NPC),1.0,ratio (1.00 = no price support),2023,MIM-15,general,High,
Canada,pigmeat,producer nominal protection coefficient (producer NPC),1.0,ratio (1.00 = no price support),2024,MIM-15,general,High,
Canada,pigmeat,producer price at farm gate,1504,USD per t,2024,MIM-15,general,High,OECD basis; compare across countries with care (product definitions differ)
Canada,poultry meat,market price support (MPS),0.0,USD million,2022,MIM-15,general,High,
Canada,poultry meat,market price support (MPS),0.0,USD million,2023,MIM-15,general,High,
Canada,poultry meat,market price support (MPS),70.8,USD million,2024,MIM-15,general,High,
Canada,poultry meat,producer nominal protection coefficient (producer NPC),1.0,ratio (1.00 = no price support),2022,MIM-15,general,High,
Canada,poultry meat,producer nominal protection coefficient (producer NPC),1.0,ratio (1.00 = no price support),2023,MIM-15,general,High,
Canada,poultry meat,producer nominal protection coefficient (producer NPC),1.02,ratio (1.00 = no price support),2024,MIM-15,general,High,
Canada,poultry meat,producer price at farm gate,2085,USD per t,2024,MIM-15,general,High,OECD basis; compare across countries with care (product definitions differ)
Canada,raw milk,market price support (MPS),1867.9,USD million,2022,MIM-15,general,High,
Canada,raw milk,market price support (MPS),1680.2,USD million,2023,MIM-15,general,High,
Canada,raw milk,market price support (MPS),2000.3,USD million,2024,MIM-15,general,High,
Canada,raw milk,producer nominal protection coefficient (producer NPC),1.4,ratio (1.00 = no price support),2022,MIM-15,general,High,
Canada,raw milk,producer nominal protection coefficient (producer NPC),1.34,ratio (1.00 = no price support),2023,MIM-15,general,High,
Canada,raw milk,producer nominal protection coefficient (producer NPC),1.43,ratio (1.00 = no price support),2024,MIM-15,general,High,
European Union,all agriculture,producer support estimate as % of gross farm receipts (%PSE),14.9,percent,2022,MIM-16,general,High,"Support of all kinds, including payments not tied to any product"
European Union,all agriculture,producer support estimate as % of gross farm receipts (%PSE),17.0,percent,2023,MIM-16,general,High,"Support of all kinds, including payments not tied to any product"
European Union,all agriculture,producer support estimate as % of gross farm receipts (%PSE),17.2,percent,2024,MIM-16,general,High,"Support of all kinds, including payments not tied to any product"
European Union,beef and veal,market price support (MPS),5409.3,USD million,2022,MIM-15,general,High,
European Union,beef and veal,market price support (MPS),9979.8,USD million,2023,MIM-15,general,High,
European Union,beef and veal,market price support (MPS),12016.2,USD million,2024,MIM-15,general,High,
European Union,beef and veal,producer nominal protection coefficient (producer NPC),1.2,ratio (1.00 = no price support),2022,MIM-15,general,High,
European Union,beef and veal,producer nominal protection coefficient (producer NPC),1.46,ratio (1.00 = no price support),2023,MIM-15,general,High,
European Union,beef and veal,producer nominal protection coefficient (producer NPC),1.59,ratio (1.00 = no price support),2024,MIM-15,general,High,
European Union,beef and veal,producer price at farm gate,5191,USD per t,2024,MIM-15,general,High,OECD basis; compare across countries with care (product definitions differ)
European Union,maize,producer nominal protection coefficient (producer NPC),1.0,ratio (1.00 = no price support),2022,MIM-15,general,High,Feed grain; below 1.00 means domestic feed cheaper than border price because of policy
European Union,maize,producer nominal protection coefficient (producer NPC),1.0,ratio (1.00 = no price support),2023,MIM-15,general,High,Feed grain; below 1.00 means domestic feed cheaper than border price because of policy
European Union,maize,producer nominal protection coefficient (producer NPC),1.0,ratio (1.00 = no price support),2024,MIM-15,general,High,Feed grain; below 1.00 means domestic feed cheaper than border price because of policy
European Union,pigmeat,market price support (MPS),-3.1,USD million,2022,MIM-15,general,High,
European Union,pigmeat,market price support (MPS),2019.1,USD million,2023,MIM-15,general,High,
European Union,pigmeat,market price support (MPS),814.3,USD million,2024,MIM-15,general,High,
European Union,pigmeat,producer nominal protection coefficient (producer NPC),1.0,ratio (1.00 = no price support),2022,MIM-15,general,High,
European Union,pigmeat,producer nominal protection coefficient (producer NPC),1.04,ratio (1.00 = no price support),2023,MIM-15,general,High,
European Union,pigmeat,producer nominal protection coefficient (producer NPC),1.02,ratio (1.00 = no price support),2024,MIM-15,general,High,
European Union,pigmeat,producer price at farm gate,2256,USD per t,2024,MIM-15,general,High,OECD basis; compare across countries with care (product definitions differ)
European Union,poultry meat,market price support (MPS),5273.4,USD million,2022,MIM-15,general,High,
European Union,poultry meat,market price support (MPS),7744.5,USD million,2023,MIM-15,general,High,
European Union,poultry meat,market price support (MPS),7179.9,USD million,2024,MIM-15,general,High,
European Union,poultry meat,producer nominal protection coefficient (producer NPC),1.3,ratio (1.00 = no price support),2022,MIM-15,general,High,
European Union,poultry meat,producer nominal protection coefficient (producer NPC),1.45,ratio (1.00 = no price support),2023,MIM-15,general,High,
European Union,poultry meat,producer nominal protection coefficient (producer NPC),1.41,ratio (1.00 = no price support),2024,MIM-15,general,High,
European Union,poultry meat,producer price at farm gate,1907,USD per t,2024,MIM-15,general,High,OECD basis; compare across countries with care (product definitions differ)
European Union,raw milk,market price support (MPS),-1.2,USD million,2022,MIM-15,general,High,
European Union,raw milk,market price support (MPS),0.0,USD million,2023,MIM-15,general,High,
European Union,raw milk,market price support (MPS),0.0,USD million,2024,MIM-15,general,High,
European Union,raw milk,producer nominal protection coefficient (producer NPC),1.0,ratio (1.00 = no price support),2022,MIM-15,general,High,
European Union,raw milk,producer nominal protection coefficient (producer NPC),1.0,ratio (1.00 = no price support),2023,MIM-15,general,High,
European Union,raw milk,producer nominal protection coefficient (producer NPC),1.0,ratio (1.00 = no price support),2024,MIM-15,general,High,
European Union,soybeans,producer nominal protection coefficient (producer NPC),1.0,ratio (1.00 = no price support),2022,MIM-15,general,High,Feed grain; below 1.00 means domestic feed cheaper than border price because of policy
European Union,soybeans,producer nominal protection coefficient (producer NPC),1.0,ratio (1.00 = no price support),2023,MIM-15,general,High,Feed grain; below 1.00 means domestic feed cheaper than border price because of policy
European Union,soybeans,producer nominal protection coefficient (producer NPC),1.0,ratio (1.00 = no price support),2024,MIM-15,general,High,Feed grain; below 1.00 means domestic feed cheaper than border price because of policy
India,all agriculture,producer support estimate as % of gross farm receipts (%PSE),-19.6,percent,2022,MIM-16,general,High,"Support of all kinds, including payments not tied to any product"
India,all agriculture,producer support estimate as % of gross farm receipts (%PSE),-10.0,percent,2023,MIM-16,general,High,"Support of all kinds, including payments not tied to any product"
India,all agriculture,producer support estimate as % of gross farm receipts (%PSE),-14.1,percent,2024,MIM-16,general,High,"Support of all kinds, including payments not tied to any product"
India,beef and veal,market price support (MPS),-678.7,USD million,2022,MIM-15,general,High,
India,beef and veal,market price support (MPS),-1285.6,USD million,2023,MIM-15,general,High,
India,beef and veal,market price support (MPS),-1778.0,USD million,2024,MIM-15,general,High,
India,beef and veal,producer nominal protection coefficient (producer NPC),0.9,ratio (1.00 = no price support),2022,MIM-15,general,High,
India,beef and veal,producer nominal protection coefficient (producer NPC),0.82,ratio (1.00 = no price support),2023,MIM-15,general,High,
India,beef and veal,producer nominal protection coefficient (producer NPC),0.78,ratio (1.00 = no price support),2024,MIM-15,general,High,
India,beef and veal,producer price at farm gate,1353,USD per t,2024,MIM-15,general,High,OECD basis; compare across countries with care (product definitions differ)
India,export schemes (MEIS and others),WTO panel finding,prohibited export subsidies,finding,2019,MIM-18,general,High,DS541 panel report 31 Oct 2019; ended by mutual agreement 13 Jul 2023. We found no rate for buffalo meat under MEIS or RoDTEP
India,maize,producer nominal protection coefficient (producer NPC),0.71,ratio (1.00 = no price support),2022,MIM-15,general,High,Feed grain; below 1.00 means domestic feed cheaper than border price because of policy
India,maize,producer nominal protection coefficient (producer NPC),0.98,ratio (1.00 = no price support),2023,MIM-15,general,High,Feed grain; below 1.00 means domestic feed cheaper than border price because of policy
India,maize,producer nominal protection coefficient (producer NPC),1.27,ratio (1.00 = no price support),2024,MIM-15,general,High,Feed grain; below 1.00 means domestic feed cheaper than border price because of policy
India,poultry meat,market price support (MPS),2633.4,USD million,2022,MIM-15,general,High,
India,poultry meat,market price support (MPS),3104.5,USD million,2023,MIM-15,general,High,
India,poultry meat,market price support (MPS),4023.8,USD million,2024,MIM-15,general,High,
India,poultry meat,producer nominal protection coefficient (producer NPC),1.22,ratio (1.00 = no price support),2022,MIM-15,general,High,
India,poultry meat,producer nominal protection coefficient (producer NPC),1.29,ratio (1.00 = no price support),2023,MIM-15,general,High,
India,poultry meat,producer nominal protection coefficient (producer NPC),1.39,ratio (1.00 = no price support),2024,MIM-15,general,High,
India,poultry meat,producer price at farm gate,2564,USD per t,2024,MIM-15,general,High,OECD basis; compare across countries with care (product definitions differ)
India,raw milk,market price support (MPS),-65197.5,USD million,2022,MIM-15,general,High,
India,raw milk,market price support (MPS),-40271.8,USD million,2023,MIM-15,general,High,
India,raw milk,market price support (MPS),-73763.6,USD million,2024,MIM-15,general,High,
India,raw milk,producer nominal protection coefficient (producer NPC),0.6,ratio (1.00 = no price support),2022,MIM-15,general,High,
India,raw milk,producer nominal protection coefficient (producer NPC),0.73,ratio (1.00 = no price support),2023,MIM-15,general,High,
India,raw milk,producer nominal protection coefficient (producer NPC),0.61,ratio (1.00 = no price support),2024,MIM-15,general,High,
India,soybeans,producer nominal protection coefficient (producer NPC),1.0,ratio (1.00 = no price support),2022,MIM-15,general,High,Feed grain; below 1.00 means domestic feed cheaper than border price because of policy
India,soybeans,producer nominal protection coefficient (producer NPC),1.0,ratio (1.00 = no price support),2023,MIM-15,general,High,Feed grain; below 1.00 means domestic feed cheaper than border price because of policy
India,soybeans,producer nominal protection coefficient (producer NPC),1.0,ratio (1.00 = no price support),2024,MIM-15,general,High,Feed grain; below 1.00 means domestic feed cheaper than border price because of policy
Korea,all agriculture,producer support estimate as % of gross farm receipts (%PSE),40.9,percent,2022,MIM-16,general,High,"Support of all kinds, including payments not tied to any product"
Korea,all agriculture,producer support estimate as % of gross farm receipts (%PSE),40.1,percent,2023,MIM-16,general,High,"Support of all kinds, including payments not tied to any product"
Korea,all agriculture,producer support estimate as % of gross farm receipts (%PSE),41.1,percent,2024,MIM-16,general,High,"Support of all kinds, including payments not tied to any product"
Korea,beef and veal,market price support (MPS),1661.5,USD million,2022,MIM-15,general,High,
Korea,beef and veal,market price support (MPS),1504.0,USD million,2023,MIM-15,general,High,
Korea,beef and veal,market price support (MPS),1562.9,USD million,2024,MIM-15,general,High,
Korea,beef and veal,producer nominal protection coefficient (producer NPC),1.41,ratio (1.00 = no price support),2022,MIM-15,general,High,
Korea,beef and veal,producer nominal protection coefficient (producer NPC),1.41,ratio (1.00 = no price support),2023,MIM-15,general,High,
Korea,beef and veal,producer nominal protection coefficient (producer NPC),1.41,ratio (1.00 = no price support),2024,MIM-15,general,High,
Korea,beef and veal,producer price at farm gate,11561,USD per t,2024,MIM-15,general,High,OECD basis; compare across countries with care (product definitions differ)
Korea,pigmeat,market price support (MPS),3075.1,USD million,2022,MIM-15,general,High,
Korea,pigmeat,market price support (MPS),2605.1,USD million,2023,MIM-15,general,High,
Korea,pigmeat,market price support (MPS),2621.1,USD million,2024,MIM-15,general,High,
Korea,pigmeat,producer nominal protection coefficient (producer NPC),1.76,ratio (1.00 = no price support),2022,MIM-15,general,High,
Korea,pigmeat,producer nominal protection coefficient (producer NPC),1.7,ratio (1.00 = no price support),2023,MIM-15,general,High,
Korea,pigmeat,producer nominal protection coefficient (producer NPC),1.7,ratio (1.00 = no price support),2024,MIM-15,general,High,
Korea,pigmeat,producer price at farm gate,3740,USD per t,2024,MIM-15,general,High,OECD basis; compare across countries with care (product definitions differ)
Korea,poultry meat,market price support (MPS),0.0,USD million,2022,MIM-15,general,High,
Korea,poultry meat,market price support (MPS),284.4,USD million,2023,MIM-15,general,High,
Korea,poultry meat,market price support (MPS),0.0,USD million,2024,MIM-15,general,High,
Korea,poultry meat,producer nominal protection coefficient (producer NPC),1.0,ratio (1.00 = no price support),2022,MIM-15,general,High,
Korea,poultry meat,producer nominal protection coefficient (producer NPC),1.21,ratio (1.00 = no price support),2023,MIM-15,general,High,
Korea,poultry meat,producer nominal protection coefficient (producer NPC),1.0,ratio (1.00 = no price support),2024,MIM-15,general,High,
Korea,poultry meat,producer price at farm gate,2054,USD per t,2024,MIM-15,general,High,OECD basis; compare across countries with care (product definitions differ)
Korea,raw milk,market price support (MPS),663.9,USD million,2022,MIM-15,general,High,
Korea,raw milk,market price support (MPS),498.4,USD million,2023,MIM-15,general,High,
Korea,raw milk,market price support (MPS),685.6,USD million,2024,MIM-15,general,High,
Korea,raw milk,producer nominal protection coefficient (producer NPC),1.67,ratio (1.00 = no price support),2022,MIM-15,general,High,
Korea,raw milk,producer nominal protection coefficient (producer NPC),1.44,ratio (1.00 = no price support),2023,MIM-15,general,High,
Korea,raw milk,producer nominal protection coefficient (producer NPC),1.66,ratio (1.00 = no price support),2024,MIM-15,general,High,
Korea,soybeans,producer nominal protection coefficient (producer NPC),3.48,ratio (1.00 = no price support),2022,MIM-15,general,High,Feed grain; below 1.00 means domestic feed cheaper than border price because of policy
Korea,soybeans,producer nominal protection coefficient (producer NPC),3.2,ratio (1.00 = no price support),2023,MIM-15,general,High,Feed grain; below 1.00 means domestic feed cheaper than border price because of policy
Korea,soybeans,producer nominal protection coefficient (producer NPC),3.24,ratio (1.00 = no price support),2024,MIM-15,general,High,Feed grain; below 1.00 means domestic feed cheaper than border price because of policy
New Zealand,all agriculture,producer support estimate as % of gross farm receipts (%PSE),0.7,percent,2022,MIM-16,general,High,"Support of all kinds, including payments not tied to any product"
New Zealand,all agriculture,producer support estimate as % of gross farm receipts (%PSE),1.5,percent,2023,MIM-16,general,High,"Support of all kinds, including payments not tied to any product"
New Zealand,all agriculture,producer support estimate as % of gross farm receipts (%PSE),1.6,percent,2024,MIM-16,general,High,"Support of all kinds, including payments not tied to any product"
New Zealand,beef and veal,market price support (MPS),0.0,USD million,2022,MIM-15,general,High,
New Zealand,beef and veal,market price support (MPS),0.0,USD million,2023,MIM-15,general,High,
New Zealand,beef and veal,market price support (MPS),0.0,USD million,2024,MIM-15,general,High,
New Zealand,beef and veal,producer nominal protection coefficient (producer NPC),1.0,ratio (1.00 = no price support),2022,MIM-15,general,High,
New Zealand,beef and veal,producer nominal protection coefficient (producer NPC),1.0,ratio (1.00 = no price support),2023,MIM-15,general,High,
New Zealand,beef and veal,producer nominal protection coefficient (producer NPC),1.0,ratio (1.00 = no price support),2024,MIM-15,general,High,
New Zealand,beef and veal,producer price at farm gate,3279,USD per t,2024,MIM-15,general,High,OECD basis; compare across countries with care (product definitions differ)
New Zealand,pigmeat,market price support (MPS),0.0,USD million,2022,MIM-15,general,High,
New Zealand,pigmeat,market price support (MPS),0.0,USD million,2023,MIM-15,general,High,
New Zealand,pigmeat,market price support (MPS),0.0,USD million,2024,MIM-15,general,High,
New Zealand,pigmeat,producer nominal protection coefficient (producer NPC),1.0,ratio (1.00 = no price support),2022,MIM-15,general,High,
New Zealand,pigmeat,producer nominal protection coefficient (producer NPC),1.0,ratio (1.00 = no price support),2023,MIM-15,general,High,
New Zealand,pigmeat,producer nominal protection coefficient (producer NPC),1.0,ratio (1.00 = no price support),2024,MIM-15,general,High,
New Zealand,pigmeat,producer price at farm gate,2853,USD per t,2024,MIM-15,general,High,OECD basis; compare across countries with care (product definitions differ)
New Zealand,poultry meat,market price support (MPS),0.0,USD million,2022,MIM-15,general,High,
New Zealand,poultry meat,market price support (MPS),0.0,USD million,2023,MIM-15,general,High,
New Zealand,poultry meat,market price support (MPS),0.0,USD million,2024,MIM-15,general,High,
New Zealand,poultry meat,producer nominal protection coefficient (producer NPC),1.0,ratio (1.00 = no price support),2022,MIM-15,general,High,
New Zealand,poultry meat,producer nominal protection coefficient (producer NPC),1.0,ratio (1.00 = no price support),2023,MIM-15,general,High,
New Zealand,poultry meat,producer nominal protection coefficient (producer NPC),1.0,ratio (1.00 = no price support),2024,MIM-15,general,High,
New Zealand,poultry meat,producer price at farm gate,1923,USD per t,2024,MIM-15,general,High,OECD basis; compare across countries with care (product definitions differ)
New Zealand,raw milk,market price support (MPS),0.0,USD million,2022,MIM-15,general,High,
New Zealand,raw milk,market price support (MPS),0.0,USD million,2023,MIM-15,general,High,
New Zealand,raw milk,market price support (MPS),0.0,USD million,2024,MIM-15,general,High,
New Zealand,raw milk,producer nominal protection coefficient (producer NPC),1.0,ratio (1.00 = no price support),2022,MIM-15,general,High,
New Zealand,raw milk,producer nominal protection coefficient (producer NPC),1.0,ratio (1.00 = no price support),2023,MIM-15,general,High,
New Zealand,raw milk,producer nominal protection coefficient (producer NPC),1.0,ratio (1.00 = no price support),2024,MIM-15,general,High,
OECD total,all agriculture,producer support estimate as % of gross farm receipts (%PSE),12.1,percent,2022,MIM-16,general,High,"Support of all kinds, including payments not tied to any product"
OECD total,all agriculture,producer support estimate as % of gross farm receipts (%PSE),13.5,percent,2023,MIM-16,general,High,"Support of all kinds, including payments not tied to any product"
OECD total,all agriculture,producer support estimate as % of gross farm receipts (%PSE),14.0,percent,2024,MIM-16,general,High,"Support of all kinds, including payments not tied to any product"
Russia,all agriculture,producer support estimate as % of gross farm receipts (%PSE),3.3,percent,2022,MIM-16,general,High,"Support of all kinds, including payments not tied to any product"
Russia,all agriculture,producer support estimate as % of gross farm receipts (%PSE),3.5,percent,2023,MIM-16,general,High,"Support of all kinds, including payments not tied to any product"
Russia,all agriculture,producer support estimate as % of gross farm receipts (%PSE),4.8,percent,2024,MIM-16,general,High,"Support of all kinds, including payments not tied to any product"
Russia,beef and veal,market price support (MPS),1213.9,USD million,2022,MIM-15,general,High,
Russia,beef and veal,market price support (MPS),1065.5,USD million,2023,MIM-15,general,High,
Russia,beef and veal,market price support (MPS),686.1,USD million,2024,MIM-15,general,High,
Russia,beef and veal,producer nominal protection coefficient (producer NPC),1.17,ratio (1.00 = no price support),2022,MIM-15,general,High,
Russia,beef and veal,producer nominal protection coefficient (producer NPC),1.18,ratio (1.00 = no price support),2023,MIM-15,general,High,
Russia,beef and veal,producer nominal protection coefficient (producer NPC),1.13,ratio (1.00 = no price support),2024,MIM-15,general,High,
Russia,beef and veal,producer price at farm gate,3854,USD per t,2024,MIM-15,general,High,OECD basis; compare across countries with care (product definitions differ)
Russia,maize,producer nominal protection coefficient (producer NPC),0.85,ratio (1.00 = no price support),2022,MIM-15,general,High,Feed grain; below 1.00 means domestic feed cheaper than border price because of policy
Russia,maize,producer nominal protection coefficient (producer NPC),0.61,ratio (1.00 = no price support),2023,MIM-15,general,High,Feed grain; below 1.00 means domestic feed cheaper than border price because of policy
Russia,maize,producer nominal protection coefficient (producer NPC),0.82,ratio (1.00 = no price support),2024,MIM-15,general,High,Feed grain; below 1.00 means domestic feed cheaper than border price because of policy
Russia,pigmeat,excess feed cost (EFC),-790.8,USD million,2022,MIM-15,general,High,Negative = feed cheaper than border price because of grain export restrictions; an implicit transfer to pig producers
Russia,pigmeat,excess feed cost (EFC),-501.8,USD million,2023,MIM-15,general,High,Negative = feed cheaper than border price because of grain export restrictions; an implicit transfer to pig producers
Russia,pigmeat,excess feed cost (EFC),-212.1,USD million,2024,MIM-15,general,High,Negative = feed cheaper than border price because of grain export restrictions; an implicit transfer to pig producers
Russia,pigmeat,market price support (MPS),4315.0,USD million,2022,MIM-15,general,High,
Russia,pigmeat,market price support (MPS),2393.3,USD million,2023,MIM-15,general,High,
Russia,pigmeat,market price support (MPS),1475.7,USD million,2024,MIM-15,general,High,
Russia,pigmeat,producer nominal protection coefficient (producer NPC),1.65,ratio (1.00 = no price support),2022,MIM-15,general,High,
Russia,pigmeat,producer nominal protection coefficient (producer NPC),1.3,ratio (1.00 = no price support),2023,MIM-15,general,High,
Russia,pigmeat,producer nominal protection coefficient (producer NPC),1.19,ratio (1.00 = no price support),2024,MIM-15,general,High,
Russia,pigmeat,producer price at farm gate,1910,USD per t,2024,MIM-15,general,High,OECD basis; compare across countries with care (product definitions differ)
Russia,poultry meat,market price support (MPS),1260.8,USD million,2022,MIM-15,general,High,
Russia,poultry meat,market price support (MPS),759.8,USD million,2023,MIM-15,general,High,
Russia,poultry meat,market price support (MPS),248.1,USD million,2024,MIM-15,general,High,
Russia,poultry meat,producer nominal protection coefficient (producer NPC),1.07,ratio (1.00 = no price support),2022,MIM-15,general,High,
Russia,poultry meat,producer nominal protection coefficient (producer NPC),1.04,ratio (1.00 = no price support),2023,MIM-15,general,High,
Russia,poultry meat,producer nominal protection coefficient (producer NPC),1.01,ratio (1.00 = no price support),2024,MIM-15,general,High,
Russia,poultry meat,producer price at farm gate,1784,USD per t,2024,MIM-15,general,High,OECD basis; compare across countries with care (product definitions differ)
Russia,raw milk,market price support (MPS),2770.0,USD million,2022,MIM-15,general,High,
Russia,raw milk,market price support (MPS),343.7,USD million,2023,MIM-15,general,High,
Russia,raw milk,market price support (MPS),145.3,USD million,2024,MIM-15,general,High,
Russia,raw milk,producer nominal protection coefficient (producer NPC),1.18,ratio (1.00 = no price support),2022,MIM-15,general,High,
Russia,raw milk,producer nominal protection coefficient (producer NPC),1.01,ratio (1.00 = no price support),2023,MIM-15,general,High,
Russia,raw milk,producer nominal protection coefficient (producer NPC),1.01,ratio (1.00 = no price support),2024,MIM-15,general,High,
United States,all agriculture,producer support estimate as % of gross farm receipts (%PSE),7.2,percent,2022,MIM-16,general,High,"Support of all kinds, including payments not tied to any product"
United States,all agriculture,producer support estimate as % of gross farm receipts (%PSE),6.8,percent,2023,MIM-16,general,High,"Support of all kinds, including payments not tied to any product"
United States,all agriculture,producer support estimate as % of gross farm receipts (%PSE),7.2,percent,2024,MIM-16,general,High,"Support of all kinds, including payments not tied to any product"
United States,beef and veal,market price support (MPS),0.0,USD million,2022,MIM-15,general,High,
United States,beef and veal,market price support (MPS),0.0,USD million,2023,MIM-15,general,High,
United States,beef and veal,market price support (MPS),0.0,USD million,2024,MIM-15,general,High,
United States,beef and veal,producer nominal protection coefficient (producer NPC),1.0,ratio (1.00 = no price support),2022,MIM-15,general,High,
United States,beef and veal,producer nominal protection coefficient (producer NPC),1.0,ratio (1.00 = no price support),2023,MIM-15,general,High,
United States,beef and veal,producer nominal protection coefficient (producer NPC),1.0,ratio (1.00 = no price support),2024,MIM-15,general,High,
United States,beef and veal,producer price at farm gate,7079,USD per t,2024,MIM-15,general,High,OECD basis; compare across countries with care (product definitions differ)
United States,maize,producer nominal protection coefficient (producer NPC),1.0,ratio (1.00 = no price support),2022,MIM-15,general,High,Feed grain; below 1.00 means domestic feed cheaper than border price because of policy
United States,maize,producer nominal protection coefficient (producer NPC),1.0,ratio (1.00 = no price support),2023,MIM-15,general,High,Feed grain; below 1.00 means domestic feed cheaper than border price because of policy
United States,maize,producer nominal protection coefficient (producer NPC),1.0,ratio (1.00 = no price support),2024,MIM-15,general,High,Feed grain; below 1.00 means domestic feed cheaper than border price because of policy
United States,pigmeat,market price support (MPS),0.0,USD million,2022,MIM-15,general,High,
United States,pigmeat,market price support (MPS),0.0,USD million,2023,MIM-15,general,High,
United States,pigmeat,market price support (MPS),0.0,USD million,2024,MIM-15,general,High,
United States,pigmeat,producer nominal protection coefficient (producer NPC),1.0,ratio (1.00 = no price support),2022,MIM-15,general,High,
United States,pigmeat,producer nominal protection coefficient (producer NPC),1.0,ratio (1.00 = no price support),2023,MIM-15,general,High,
United States,pigmeat,producer nominal protection coefficient (producer NPC),1.0,ratio (1.00 = no price support),2024,MIM-15,general,High,
United States,pigmeat,producer price at farm gate,2137,USD per t,2024,MIM-15,general,High,OECD basis; compare across countries with care (product definitions differ)
United States,poultry meat,market price support (MPS),0.0,USD million,2022,MIM-15,general,High,
United States,poultry meat,market price support (MPS),0.0,USD million,2023,MIM-15,general,High,
United States,poultry meat,market price support (MPS),0.0,USD million,2024,MIM-15,general,High,
United States,poultry meat,producer nominal protection coefficient (producer NPC),1.0,ratio (1.00 = no price support),2022,MIM-15,general,High,
United States,poultry meat,producer nominal protection coefficient (producer NPC),1.0,ratio (1.00 = no price support),2023,MIM-15,general,High,
United States,poultry meat,producer nominal protection coefficient (producer NPC),1.0,ratio (1.00 = no price support),2024,MIM-15,general,High,
United States,poultry meat,producer price at farm gate,2057,USD per t,2024,MIM-15,general,High,OECD basis; compare across countries with care (product definitions differ)
United States,raw milk,market price support (MPS),0.0,USD million,2022,MIM-15,general,High,
United States,raw milk,market price support (MPS),0.0,USD million,2023,MIM-15,general,High,
United States,raw milk,market price support (MPS),0.0,USD million,2024,MIM-15,general,High,
United States,raw milk,producer nominal protection coefficient (producer NPC),1.0,ratio (1.00 = no price support),2022,MIM-15,general,High,
United States,raw milk,producer nominal protection coefficient (producer NPC),1.0,ratio (1.00 = no price support),2023,MIM-15,general,High,
United States,raw milk,producer nominal protection coefficient (producer NPC),1.0,ratio (1.00 = no price support),2024,MIM-15,general,High,
United States,soybeans,producer nominal protection coefficient (producer NPC),1.0,ratio (1.00 = no price support),2022,MIM-15,general,High,Feed grain; below 1.00 means domestic feed cheaper than border price because of policy
United States,soybeans,producer nominal protection coefficient (producer NPC),1.0,ratio (1.00 = no price support),2023,MIM-15,general,High,Feed grain; below 1.00 means domestic feed cheaper than border price because of policy
United States,soybeans,producer nominal protection coefficient (producer NPC),1.0,ratio (1.00 = no price support),2024,MIM-15,general,High,Feed grain; below 1.00 means domestic feed cheaper than border price because of policy
Vietnam,all agriculture,producer support estimate as % of gross farm receipts (%PSE),-10.9,percent,2022,MIM-16,VN-direct,High,"Support of all kinds, including payments not tied to any product"
Vietnam,all agriculture,producer support estimate as % of gross farm receipts (%PSE),-14.6,percent,2023,MIM-16,VN-direct,High,"Support of all kinds, including payments not tied to any product"
Vietnam,all agriculture,producer support estimate as % of gross farm receipts (%PSE),-10.3,percent,2024,MIM-16,VN-direct,High,"Support of all kinds, including payments not tied to any product"
Vietnam,beef and veal,market price support (MPS),431.5,USD million,2022,MIM-15,VN-direct,High,
Vietnam,beef and veal,market price support (MPS),549.8,USD million,2023,MIM-15,VN-direct,High,
Vietnam,beef and veal,market price support (MPS),536.8,USD million,2024,MIM-15,VN-direct,High,
Vietnam,beef and veal,producer nominal protection coefficient (producer NPC),1.32,ratio (1.00 = no price support),2022,MIM-15,VN-direct,High,
Vietnam,beef and veal,producer nominal protection coefficient (producer NPC),1.48,ratio (1.00 = no price support),2023,MIM-15,VN-direct,High,
Vietnam,beef and veal,producer nominal protection coefficient (producer NPC),1.47,ratio (1.00 = no price support),2024,MIM-15,VN-direct,High,
Vietnam,beef and veal,producer price at farm gate,6862,USD per t,2024,MIM-15,VN-direct,High,OECD basis; compare across countries with care (product definitions differ)
Vietnam,pigmeat,market price support (MPS),7.5,USD million,2022,MIM-15,VN-direct,High,
Vietnam,pigmeat,market price support (MPS),-222.7,USD million,2023,MIM-15,VN-direct,High,
Vietnam,pigmeat,market price support (MPS),-466.0,USD million,2024,MIM-15,VN-direct,High,
Vietnam,pigmeat,producer nominal protection coefficient (producer NPC),1.0,ratio (1.00 = no price support),2022,MIM-15,VN-direct,High,
Vietnam,pigmeat,producer nominal protection coefficient (producer NPC),1.0,ratio (1.00 = no price support),2023,MIM-15,VN-direct,High,
Vietnam,pigmeat,producer nominal protection coefficient (producer NPC),1.0,ratio (1.00 = no price support),2024,MIM-15,VN-direct,High,
Vietnam,pigmeat,producer price at farm gate,3714,USD per t,2024,MIM-15,VN-direct,High,OECD basis; compare across countries with care (product definitions differ)
Vietnam,poultry meat,market price support (MPS),-2355.2,USD million,2022,MIM-15,VN-direct,High,
Vietnam,poultry meat,market price support (MPS),-3055.9,USD million,2023,MIM-15,VN-direct,High,
Vietnam,poultry meat,market price support (MPS),-3059.9,USD million,2024,MIM-15,VN-direct,High,
Vietnam,poultry meat,producer nominal protection coefficient (producer NPC),0.6,ratio (1.00 = no price support),2022,MIM-15,VN-direct,High,
Vietnam,poultry meat,producer nominal protection coefficient (producer NPC),0.52,ratio (1.00 = no price support),2023,MIM-15,VN-direct,High,
Vietnam,poultry meat,producer nominal protection coefficient (producer NPC),0.55,ratio (1.00 = no price support),2024,MIM-15,VN-direct,High,
Vietnam,poultry meat,producer price at farm gate,1953,USD per t,2024,MIM-15,VN-direct,High,OECD basis; compare across countries with care (product definitions differ)
