where,current,proposed,evidence_source_ids,strength,type
"ch01-why-vietnam section 1.6, argument 1","Protein made in Vietnam for people, from domestic inputs where possible, adds a second source.","Make the condition explicit: only routes on domestic protein or carbon inputs (fermentation on cassava or sugar with domestic urea; rice, peanut, seaweed protein) reduce import dependence; routes on imported soy, pea, gluten or mung bean move it, often to China (about 84% of imported food plant-protein tonnage, 2025) or Myanmar. Add: at D-BENCH 2035 the net saving of imported soy protein is at most about 0.2% of soybean-meal protein fed (our calculation).",SEC-05; BUY-02; MAC-04; SEC-14,strong,corrects
ch01-why-vietnam section 1.3,Feed-price shocks 2022 and 2026; ASF in 2019 and 2025,"Add the consumer side: pork prices up 57.23% in 2020 (1.94 points of a 3.23% CPI rise) after ASF; in 2022 foods up only 1.62% and pork down 10.68% while feed costs rose. Imported-feed shocks land mainly on farm margins; disease shocks reach consumers. Note that 2026 is not yet clear: food and food services rose 4.76% in January to August 2026, with no item breakdown that separates feed, energy and the 2025 ASF wave.",SEC-08; SEC-09; SEC-17,strong,adds
"ch01-why-vietnam section 1.6, argument 1 (wording)",Feed-price shocks in 2022 and 2026 and African swine fever show the exposure.,"Say whom each exposure protects: imported feed is mainly a producer, processor and trade-balance exposure; the consumer price exposure is mainly disease (line L2).",SEC-08; SEC-09; MAC-43,moderate,updates
ch01-why-vietnam section 1.1 (only if L4 does not add it),Rice still supplies 27.0 g of protein a day and soy foods only 4.9 g,"Add: soy foods (4.94 g) and wheat (3.27 g) are almost entirely imported, so about 8% of protein supply (about 305 kt of protein a year) is imported plant protein eaten directly; tofu and soy milk are part of the Americas soy dependence.",DIE-07; MAC-09; MAC-10,moderate,adds
ch01-why-vietnam section 1.7 (policy makers); ch28-robust-moves,Protein-security indicator: the share of the protein people eat that is made from domestic inputs,"Anchor it: Resolution 34/NQ-CP (food security to 2030) has no import, feed or protein indicator; MAE's 2026 plan task to reduce import dependence by developing domestic raw-material areas is the official hook. Define the indicator by input origin, not place of processing.",SEC-01; SEC-02,moderate,strengthens
app-f5-targets-hubs F5.1.2; data/national_targets_2050.csv,Resolution 34/NQ-CP absent,"Add Resolution 34/NQ-CP (25 Mar 2021) rows: rice land 3.5 million ha; paddy at least 35 Mt; vegetables and beans 23 to 24 Mt; carcass meat 6.0 to 6.5 Mt; fresh milk 2.6 Mt; eggs 23 billion; aquatic 9 to 10 Mt; energy above 2,500 kcal per person per day; stunting below 19%; diets with less rice and more meat, milk, eggs and fish. Status: aquatic met (9.95 Mt in 2025); milk about 50% (1.3 Mt in 2025; 1.37 Mt planned for 2026).",SEC-01; SEC-02; MAC-14; MAC-15,strong,adds
app-f5-targets-hubs F5.2.1,Absences listed for sectoral strategies,"Add: the national food-security resolution has no import, feed, soybean, protein or alternative-protein indicator; its 'diversify' refers to food products and nutrition.",SEC-01,strong,adds
app-f5-targets-hubs F5.2.3,Eight windows 2026 to 2030,"Add a window: successor to Resolution 34/NQ-CP, MAE, by 2030 (our inference; none announced); could carry a protein import-dependence indicator.",SEC-01,weak,adds
app-f5-targets-hubs F5.3.1; data/protein_strategies_benchmark.csv,PSB-001 to PSB-023; China row is the soybean-meal reduction plan,"Add PSB-024: China, State Council General Office opinions on the big food view (Guobanfa [2024] No. 46, 12 Sep 2024): calories and protein from plants, animals and microbes; microbial cell protein promoted for feed; new foods steadily and cautiously; non-grain biomass sugar; system formed by 2027 and built by 2035; no volume target; a big-food statistics system. Note that the 2026 No. 1 document keeps biomanufacturing, does not repeat 'new food resources' and adds import diversification.",SEC-04; SEC-03,strong,adds
ch20-drivers-2050 section 20.2 (Political framing row); ch24-vision-2050 framing paragraph,"Security framing in EU, Japan, Korea; Singapore dropped 30 by 30",Add China: security framing with microbial protein mainly for feed and on domestic non-grain carbon (2024); 'new food resources' not repeated in the 2026 No. 1 document. Peers do not count alternative protein made from imported inputs as security.,SEC-03; SEC-04,moderate,adds
ch20-drivers-2050 section 20.1 (Shrinking capture fisheries row); app-f2-drivers-signals F2.5.6,Capture to fall from about 3.8 Mt (2025) to 2.8 Mt (2030) (official target),"Add: marine standing stock about 3.95 Mt (2016 to 2020), 22.1% below 2000 to 2005, while capture rose; climate change cuts catch potential in Viet Nam's EEZ by 2.8 to 6.8% (RCP2.6) and 4.3 to 11.7% (RCP8.5) by 2050 in two FAO models. Fishing pressure and policy outweigh climate to 2050.",SEC-06; SEC-07,strong,adds
data/climate_impacts_2050.csv,CI-01 to CI-34,"Add CI-35 (FAO 627 DBEM, Viet Nam EEZ catch potential, 2050 and 2100, RCP2.6 and RCP8.5), CI-36 (FAO 627 size-based food-web model, same), CI-37 (marine standing stock 2016 to 2020 and trend), CI-38 (FAO 627 aquaculture vulnerability: Viet Nam most vulnerable for freshwater aquaculture).",SEC-06; SEC-07,strong,adds
app-f2-drivers-signals F2.12 gap 9,"Dated SSP projections for shrimp, pangasius and anchoveta: open","Partly closed for wild capture in Viet Nam's waters (RCP-based, FAO 627); still open for shrimp, pangasius and anchoveta (OQ-138 stays open).",SEC-07,moderate,closes
data/shock_register.csv; app-f2-drivers-signals F2.11,17 shocks; SHK-010 (2022) gives import prices only,"Add SHK-018 consumer pork price shock 2020 (+57.23%; 1.94 CPI points) and SHK-019 2008 food price spike (CPI +22.97%; staples over 49%; other foods over 32%). Extend SHK-010 notes: 2022 consumer foods +1.62%, pork minus 10.68%. Lesson: disease reaches consumers; input shocks reach farmers. Add to SHK-013 (2026) notes: consumer food and food services +4.76% (January to August 2026 average), no item breakdown.",SEC-08; SEC-09; SEC-13; SEC-17,moderate,adds
app-f2-drivers-signals F2.1.7,Chokepoints table; 2026 Middle East shock,"Add: the 2024 Red Sea crisis raised Vietnamese container export rates (US East Coast USD 2,600 to 4,100 to 4,500, December 2023 to January 2024); we found no evidence it affected soy, maize or food-protein imports.",SEC-10; GEO-41,weak,adds
"ch23-scenarios-2050 section 23.1; data/scenarios_2050.csv (SC-B, SC-D)",Axis 1: feed-protein import stress; axis 2: Asia's fermentation market,"Keep the axes. Add a reading: in the Chinese-dominance worlds (SC-B, SC-D), food alternative protein made from Chinese ingredients raises dependence on China; only domestic-input routes add security in SC-C and SC-D.",SEC-05; BUY-02; SEC-04,moderate,updates
ch18-demand-sizing section 18.3 (How much of it is made in Vietnam),"About 11,000 to 17,000 t made in Vietnam for the home market (D-BENCH 2035)",Add: made in Vietnam is not from domestic inputs; on play T1 the protein input is imported soy flour. Suggest the demand model reports a domestic-input share by route.,TIC-12; TIC-13,moderate,updates
ch20-drivers-2050 section 20.1 (Humid heat row),"Closed, cooled animal houses; higher power demand",Add: the livestock department told large farms in June 2026 to secure power and water against heat; livestock and fermentation plants share a power-reliability exposure.,SEC-11; SEC-12,weak,adds
data/open_questions.csv OQ-164,Is there an official monthly retail pork price series?,Partly answered: NSO price releases publish annual pork CPI changes (2020 +57.23%; 2022 minus 10.68%); the monthly series was not retrieved.,SEC-08; SEC-09,moderate,closes
