record_id,route,protein_input,protein_input_origin,carbon_nitrogen_energy,equipment_strain_ip,main_inputs_domestic_or_imported,effect_on_import_dependence,source_ids,evidence_label,confidence,notes
SRI-01,"Tofu, soy milk and soy foods (incumbent)",Soybeans,"Imported (Brazil, United States; 98.4% of supply imported)",n/a,Mostly domestic or Asian equipment,imported,Is part of the existing dependence,MAC-09; FS-24; DIE-07,VN-direct,High,About 550 kt of soybeans used for food a year (FS-24).
SRI-02,"Imported textured protein, isolates and gluten (status quo)",Finished protein ingredients,Imported (China about 84% of 2025 tonnage),n/a,n/a,imported,Adds a China dependence,BUY-02,VN-direct,Medium,
SRI-03,Textured soy made in Vietnam (play T1),Food-grade defatted soy flour,"Imported (China, India, Netherlands)",Domestic power,Chinese extrusion lines,"imported protein, domestic processing",Moves the origin; protein dependence unchanged; value added at home,TIC-12; TIC-13; TIC-02,VN-direct,Low,Flour is 63 to 85% of full cost (ch09).
SRI-04,Gluten-based mock meat,Wheat gluten or wheat,Imported (gluten China 59.3% of 2023 value; wheat Australia 59.4%),n/a,Domestic,imported,Moves dependence to China or Australia,SEC-05,VN-direct,High,
SRI-05,Pea protein drinks and blends,Pea protein isolate,Imported (not separately coded; China largest HS 3504 origin at 45.4% of 2023 value),n/a,n/a,imported,Moves dependence to China,SEC-05,VN-direct,Medium,Pea isolate share within HS 3504 unknown.
SRI-06,Mung bean fillings and any mung isolate,Mung bean,"Mostly imported (dried pulses 60.2% Myanmar, 2023); domestic output not established",n/a,Domestic,mostly imported,Moves dependence to Myanmar,SEC-05; FORM-08,VN-direct,Medium,
SRI-07,Rice protein,"Broken rice, rice distillers' grain","Domestic (43.5 Mt paddy, 2025)",Domestic,Extraction equipment origin not checked,domestic,"Reduces, in small volumes",FS-25; RD-22,VN-direct,Medium,"Rice is the food-security staple, but Vietnam has a large export surplus."
SRI-08,Peanut protein,Peanut press cake,Domestic (about 380 kt peanut; 35 kt crushed),Domestic,Not checked,domestic,"Reduces, in small volumes",FS-24,VN-direct,High,
SRI-09,Fungal or koji biomass for food on cassava or sugar,Protein made by fermentation,"Domestic carbon (cassava 10.24 Mt; sugar 1.30 Mt, 2025/26)",Domestic urea (capacity about 2.6 Mt against demand of about 1.8 Mt); domestic power,Fermenters mostly imported; local A. oryzae strains characterised,"domestic inputs, imported capital goods","Genuinely reduces dependence, if cost and a food approval route allow",FS-01; FS-31; SEC-14; SCI-19,VN-direct,Medium,"Cost floor 2.1 times soybean-meal protein on the sugar route (ch21, feed comparison)."
SRI-10,Precision-fermented dairy proteins,Recombinant milk proteins,Domestic sugar,Domestic,Strains and patents licensed from abroad,"domestic inputs, imported intellectual property",Could substitute part of dairy imports; moves dependence to licence holders,FS-31,VN-direct,Low,No Vietnamese producer or demand evidence (ch14).
SRI-11,Cultivated meat,Animal cells in culture media,Media components mostly imported (not checked for Vietnam),Domestic power,Imported,imported,Adds dependence; no tested or revealed Vietnamese demand (ch14),,general,Low,Our reading.
SRI-12,"Seaweed, spirulina, duckweed",Aquatic biomass,Domestic,Domestic,Domestic,domestic,"Reduces, but national volumes are unmeasured and tiny",FS-51; ECO-52; RD-44,VN-direct,Low,
