source_id,citation,title,author_or_publisher,date,url,doi,source_type,accessed,notes
SEC-01,"Government of Viet Nam. Nghị quyết 34/NQ-CP về bảo đảm an ninh lương thực quốc gia đến năm 2030 (Resolution 34/NQ-CP on ensuring national food security to 2030). 25 Mar 2021. Signed PDF, government portal. https://datafiles.chinhphu.vn/cpp/files/vbpq/2021/03/34.signed.pdf",Nghị quyết 34/NQ-CP về bảo đảm an ninh lương thực quốc gia đến năm 2030,Chính phủ (Government of Viet Nam),2021-03-25,https://datafiles.chinhphu.vn/cpp/files/vbpq/2021/03/34.signed.pdf,,law,2026-10-01,"Scanned PDF read as page images, pages 1 to 8 of 11 (viewpoints, objectives, 2030 targets, ten task groups). Pages 9 to 11 (ministry assignments) not read in full. Metadata page: https://vanban.chinhphu.vn/default.aspx?pageid=27160&docid=202895. thuvienphapluat.vn copy returned HTTP 403."
SEC-02,"Ministry of Agriculture and Environment (MAE). Công văn 6034/BNNMT-KHTC: đánh giá tình hình thực hiện năm 2025 và kế hoạch phát triển ngành Nông nghiệp và Môi trường năm 2026 (report on 2025 and the 2026 sector plan, sent to MOF). 26 Aug 2025. https://mae.gov.vn/noidung/Lists/VanBanDieuHanh/Attachments/3379/CV%206034%20Ng%C3%A0nh%20NNMT%202026.pdf",Đánh giá tình hình thực hiện năm 2025 và kế hoạch phát triển ngành Nông nghiệp và Môi trường năm 2026,Bộ Nông nghiệp và Môi trường,2025-08-26,https://mae.gov.vn/noidung/Lists/VanBanDieuHanh/Attachments/3379/CV%206034%20Ng%C3%A0nh%20NNMT%202026.pdf,,gov/statistics,2026-10-01,"Text extracted with pdftotext and searched by keyword; passages on food and nutrition security, livestock 2026 targets and tasks (reduce import dependence via domestic raw-material areas; quarantine and smuggling), fisheries 2026 targets, H1 2025 agro-forestry-fishery imports read in full. The first-half 2025 surplus is printed as USD 983 million, which does not match exports of USD 33.84 billion and imports of USD 24.01 billion (difference USD 9.83 billion); treat as a typo."
SEC-03,"CPC Central Committee and State Council. 中共中央 国务院关于锚定农业农村现代化 扎实推进乡村全面振兴的意见 (2026 No. 1 Central Document). Dated 3 Jan 2026, released 3 Feb 2026. https://www.gov.cn/yaowen/liebiao/202602/content_7056929.htm",中共中央 国务院关于锚定农业农村现代化 扎实推进乡村全面振兴的意见,CPC Central Committee; State Council of China,2026-02-03,https://www.gov.cn/yaowen/liebiao/202602/content_7056929.htm,,law,2026-10-01,"Chinese text read directly (no English translation cited; our translations). Section 1(2) diversified food supply system, forest foods and biological agriculture; 1(4) agricultural biomanufacturing; 1(6) diversify agricultural imports; soybean capacity. 新型食品 not found in full text."
SEC-04,"General Office of the State Council of China. 国务院办公厅关于践行大食物观构建多元化食物供给体系的意见 (Opinions on practising the big food view and building a diversified food supply system), Guobanfa [2024] No. 46. 12 Sep 2024. https://www.gov.cn/zhengce/content/202409/content_6974838.htm",国务院办公厅关于践行大食物观构建多元化食物供给体系的意见,General Office of the State Council of China,2024-09-12,https://www.gov.cn/zhengce/content/202409/content_6974838.htm,,law,2026-10-01,"Chinese text read directly; the gov.cn page marks the text as abridged (本文有删减). Calories and protein from plants, animals and microbes; section (6) synthetic biology, new foods steadily and cautiously, food fermentation, non-grain biomass sugar, microbial cell protein for feed, algae; targets 2027 and 2035 (qualitative); big-food statistics system."
SEC-05,"United Nations Statistics Division. UN Comtrade public preview API: Viet Nam-reported imports (reporter 704, flow M), annual 2023, HS 0713, 1001, 1005, 1109, 1201, 210610, 2304, 3504, by partner. Queried 1 Oct 2026. https://comtradeapi.un.org/public/v1/preview/C/A/HS?reporterCode=704&period=2023&cmdCode=1201,2304,1005,1001,0713,1109,3504,210610&flowCode=M","Viet Nam imports of protein-relevant HS lines by partner, 2023",United Nations Statistics Division (UN Comtrade),2026-10-01,"https://comtradeapi.un.org/public/v1/preview/C/A/HS?reporterCode=704&period=2023&cmdCode=1201,2304,1005,1001,0713,1109,3504,210610&flowCode=M",,database,2026-10-01,Raw response in working-papers/wave11/L3-security-exposures/raw/ct_vn_imports_2023.json; shares and HHI in raw/ct_vn_2023_concentration.csv. The same query for 2024 returned no records. Vietnam-reported tonnages for 3504 and 210610 are estimates (ch16).
SEC-06,"National Statistics Office (Cục Thống kê). Phát triển thủy sản theo hướng bền vững ở Việt Nam giai đoạn 2016 - 2024 (Sustainable fisheries development in Viet Nam, 2016 to 2024). 10 Jan 2025. https://www.nso.gov.vn/du-lieu-va-so-lieu-thong-ke/2025/01/phat-trien-thuy-san-theo-huong-ben-vung-o-viet-nam-giai-doan-2016-2024/",Phát triển thủy sản theo hướng bền vững ở Việt Nam giai đoạn 2016 - 2024,National Statistics Office of Viet Nam,2025-01-10,https://www.nso.gov.vn/du-lieu-va-so-lieu-thong-ke/2025/01/phat-trien-thuy-san-theo-huong-ben-vung-o-viet-nam-giai-doan-2016-2024/,,gov/statistics,2026-10-01,"Read via a fetch tool that quoted passages. Capture 3,264.1 kt (2016) to 3,825.4 kt (2024); marine about 94%; aquaculture 5,721.6 kt (2024); marine standing stock about 3.95 Mt (2016 to 2020), minus 22.1% on 2000 to 2005 and minus 9.4% on 2011 to 2015. A press snippet gives 9.5%; we use NSO's 9.4%. Vessel counts (30,474 in 2016; 34,825 in 2023) are for a vessel class not stated in the passage read."
SEC-07,"Barange M., Bahri T., Beveridge M.C.M., Cochrane K.L., Funge-Smith S., Poulain F. (eds). Impacts of climate change on fisheries and aquaculture: synthesis of current knowledge, adaptation and mitigation options. FAO Fisheries and Aquaculture Technical Paper 627. Rome: FAO, 2018. https://www.fao.org/3/i9705en/i9705en.pdf",Impacts of climate change on fisheries and aquaculture (FAO Fisheries and Aquaculture Technical Paper 627),Food and Agriculture Organization of the United Nations,2018,https://www.fao.org/3/i9705en/i9705en.pdf,,intergovernmental,2026-10-01,Tables 4.1 (DBEM) and 4.2 (dynamic size-based food web model): projected change in catch potential by EEZ by 2050 and 2100 relative to 2000 under RCP2.6 and RCP8.5; Viet Nam rows read. Chapter 21: aquaculture vulnerability ranking. Excerpt in raw/fao627_excerpt.txt.
SEC-08,"National Statistics Office (then GSO). Thông cáo báo chí về tình hình giá tháng 12, quý IV và năm 2020 (Press release on prices, December, Q4 and year 2020). Dec 2020. https://www.nso.gov.vn/du-lieu-va-so-lieu-thong-ke/2020/12/thong-cao-bao-chi-ve-tinh-hinh-gia-thang-12-quy-iv-va-nam-2020/","Thông cáo báo chí về tình hình giá tháng 12, quý IV và năm 2020",General Statistics Office of Viet Nam (now NSO),2020-12,https://www.nso.gov.vn/du-lieu-va-so-lieu-thong-ke/2020/12/thong-cao-bao-chi-ve-tinh-hinh-gia-thang-12-quy-iv-va-nam-2020/,,gov/statistics,2026-10-01,Read via a fetch tool that quoted passages. CPI 2020 +3.23%; foods +12.28% (2.61 points); pork +57.23% (1.94 points); processed meat +21.59%; lard +58.99%; ASF named as cause. The gso.gov.vn address did not resolve; nso.gov.vn used.
SEC-09,"National Statistics Office (then GSO). Thông cáo báo chí về tình hình giá tháng 12, quý IV và năm 2022 (Press release on prices, December, Q4 and year 2022). Dec 2022. https://www.nso.gov.vn/du-lieu-va-so-lieu-thong-ke/2022/12/thong-cao-bao-chi-ve-tinh-hinh-gia-thang-12-quy-iv-va-nam-2022/","Thông cáo báo chí về tình hình giá tháng 12, quý IV và năm 2022",General Statistics Office of Viet Nam (now NSO),2022-12,https://www.nso.gov.vn/du-lieu-va-so-lieu-thong-ke/2022/12/thong-cao-bao-chi-ve-tinh-hinh-gia-thang-12-quy-iv-va-nam-2022/,,gov/statistics,2026-10-01,Read via a fetch tool that quoted passages. CPI 2022 +3.15%; foods +1.62% (0.35 points); pork minus 10.68% (ASF controlled); chicken +4.29%; beef +0.8%; higher feed costs named for poultry.
SEC-10,"Hoang Minh Ngoc. Khủng hoảng Biển Đỏ ảnh hưởng tới thương mại Việt Nam (Red Sea crisis effects on Vietnam's trade). RMIT University Vietnam, 1 Mar 2024. https://www.rmit.edu.vn/vi/tin-tuc/tat-ca-tin-tuc/2024/mar/khung-hoang-bien-do-anh-huong-toi-thuong-mai-viet-nam",Khủng hoảng Biển Đỏ ảnh hưởng tới thương mại Việt Nam,RMIT University Vietnam,2024-03-01,https://www.rmit.edu.vn/vi/tin-tuc/tat-ca-tin-tuc/2024/mar/khung-hoang-bien-do-anh-huong-toi-thuong-mai-viet-nam,,other,2026-10-01,"University expert commentary. Container rates Vietnam to US East Coast USD 2,600 (Dec 2023) to 4,100 to 4,500 (Jan 2024); Hamburg nearly tripled; wheat through Suez down nearly 40% (global). Does not discuss soy, maize or feed imports."
SEC-11,"Nhân Dân. Phòng, chống nắng nóng cho đàn vật nuôi hiệu quả (Protecting livestock against heat). 3 Jun 2026. https://nhandan.vn/phong-chong-nang-nong-cho-dan-vat-nuoi-hieu-qua-post966625.html","Phòng, chống nắng nóng cho đàn vật nuôi hiệu quả",Nhân Dân,2026-06-03,https://nhandan.vn/phong-chong-nang-nong-cho-dan-vat-nuoi-hieu-qua-post966625.html,,press,2026-10-01,"Party newspaper reporting the Department of Livestock Production and Animal Health advice to secure power and water, especially for large farms. No mortality numbers."
SEC-12,"Dân Việt. 700 con lợn tạ bị chết tại 3 trang trại ở xã Lục Nam, Bắc Ninh do sự cố mất điện đột ngột trong đêm (700 finishing pigs die at three farms in Luc Nam commune, Bac Ninh, after a sudden night power cut). Undated in our record (after July 2025, from the province name). https://danviet.vn/700-con-lon-ta-bi-chet-tai-3-trang-trai-o-xa-luc-nam-bac-ninh-do-su-co-mat-dien-dot-ngot-trong-dem-d1441894.html","700 con lợn tạ bị chết tại 3 trang trại ở xã Lục Nam, Bắc Ninh do sự cố mất điện đột ngột trong đêm",Dân Việt,,https://danviet.vn/700-con-lon-ta-bi-chet-tai-3-trang-trai-o-xa-luc-nam-bac-ninh-do-su-co-mat-dien-dot-ngot-trong-dem-d1441894.html,,press,2026-10-01,Headline and search snippet only (Low); the page returned HTTP 403.
SEC-13,"Tuổi Trẻ. Năm 2008: chỉ số giá tiêu dùng tăng gần 23% (2008: consumer prices up nearly 23%), citing the General Statistics Office. 26 Dec 2008. https://tuoitre.vn/nam-2008-chi-so-gia-tieu-dung-tang-gan-23-294551.htm",Năm 2008: chỉ số giá tiêu dùng tăng gần 23%,Tuổi Trẻ,2008-12-26,https://tuoitre.vn/nam-2008-chi-so-gia-tieu-dung-tang-gan-23-294551.htm,,press,2026-10-01,"Press report of GSO data: CPI 2008 +22.97% on 2007; staples more than 49%; other foods more than 32%. No meat, fish or feed breakdown."
SEC-14,"DNSE Senses. DCM: Xuất khẩu urê vượt tiêu thụ trong nước, Trung Quốc trở thành biến số (DCM: urea exports exceed domestic sales). 20 Sep 2026. https://www.dnse.com.vn/senses/tin-tuc/dcm-xuat-khau-ure-vuot-tieu-thu-trong-nuoc-trung-quoc-tro-thanh-bien-so-35286895","DCM: Xuất khẩu urê vượt tiêu thụ trong nước, Trung Quốc trở thành biến số",DNSE Securities (news),2026-09-20,https://www.dnse.com.vn/senses/tin-tuc/dcm-xuat-khau-ure-vuot-tieu-thu-trong-nuoc-trung-quoc-tro-thanh-bien-so-35286895,,press,2026-10-01,"Brokerage news. Domestic urea demand about 1.8 Mt a year; design capacity of four plants about 2.6 Mt; Ca Mau Fertiliser (DCM) exported 395,090 t and sold 267,240 t at home in January to August 2026."
SEC-15,Green Queen. Abu Dhabi launches alternative protein cluster to boost food security (as titled in search results). 12 Jun 2024. https://www.greenqueen.com.hk/abu-dhabi-alternative-protein-economic-cluster-food-water-security/,Abu Dhabi alternative protein economic cluster (food and water security),Green Queen,2024-06-12,https://www.greenqueen.com.hk/abu-dhabi-alternative-protein-economic-cluster-food-water-security/,,press,2026-10-01,"Trade press. Launched by Abu Dhabi Department of Economic Development and Abu Dhabi Investment Office; AED 90 billion GDP and 60,000 jobs by 2045 (reported); framed by UAE reliance on imports for 90% of food needs. No primary text read."
SEC-16,"Phạm Thị Hồng Điệp, Nguyễn Thị Nhung. An ninh lương thực ở Việt Nam: thực trạng và những vấn đề đặt ra (Food security in Vietnam: situation and issues). Tạp chí Quản lý nhà nước (Journal of State Management), 18 Apr 2024. https://www.quanlynhanuoc.vn/2024/04/18/an-ninh-luong-thuc-o-viet-nam-thuc-trang-va-nhung-van-de-dat-ra/",An ninh lương thực ở Việt Nam: thực trạng và những vấn đề đặt ra,Tạp chí Quản lý nhà nước,2024-04-18,https://www.quanlynhanuoc.vn/2024/04/18/an-ninh-luong-thuc-o-viet-nam-thuc-trang-va-nhung-van-de-dat-ra/,,other,2026-10-01,"State-management journal article, read through a summarising fetch tool. Defines food security as avoiding dependence on imported food; does not mention feed imports, soybeans, maize or protein."
SEC-17,"Công Thương. CPI 8 tháng tăng 4,45%, thị trường hàng hóa duy trì ổn định (CPI up 4.45% in eight months), citing the National Statistics Office. 3 Sep 2026. https://congthuong.vn/cpi-8-thang-tang-4-45-thi-truong-hang-hoa-duy-tri-on-dinh-471387.html","CPI 8 tháng tăng 4,45%, thị trường hàng hóa duy trì ổn định",Công Thương (MOIT newspaper),2026-09-03,https://congthuong.vn/cpi-8-thang-tang-4-45-thi-truong-hang-hoa-duy-tri-on-dinh-471387.html,,press,2026-10-01,"Read via a summarising fetch tool. CPI January to August 2026 average +4.45% on 2025; food and food services +4.76% (1.70 points); transport +5.38% (diesel +22.15%, petrol +9.53%). No pork breakdown. NSO English page (https://www.nso.gov.vn/en/data-and-statistics/2026/09/consumer-price-index-gold-price-index-and-us-dollar-price-index-in-august-and-eight-months-of-2026/) confirms the 4.45%."
