record_id,year,animal_food,protein_g_per_person_day,direct_import_g_low,direct_import_g_high,compound_feed_share,on_imported_feed_g_low,on_imported_feed_g_high,source_ids,evidence_label,confidence,notes
AIR-001,2023,Pigmeat,13.27,0.36,0.4,0.81,8.61,9.68,DIE-07; MAC-01; FS-23,VN-direct,Low,"Our calculation. Protein supply 2023 from FAOSTAT FBS. Direct imports: low = net imports share max(0, (imports minus exports) / (production + imports minus exports)); high = gross FAO import dependency ratio. On imported feed: domestic part x compound-feed share x imported share of compound-feed ingredients (low: by mass, 82.4%, with net imports; high: by crude protein, 92.9%, with gross imports), USDA Table 2 for 2025 applied to 2023 supply."
AIR-002,2023,Edible offal,2.93,1.15,1.16,0.81,1.18,1.33,DIE-07; MAC-01; FS-23,VN-direct,Low,"Our calculation. Protein supply 2023 from FAOSTAT FBS. Direct imports: low = net imports share max(0, (imports minus exports) / (production + imports minus exports)); high = gross FAO import dependency ratio. On imported feed: domestic part x compound-feed share x imported share of compound-feed ingredients (low: by mass, 82.4%, with net imports; high: by crude protein, 92.9%, with gross imports), USDA Table 2 for 2025 applied to 2023 supply."
AIR-003,2023,Poultry meat,8.8,1.04,1.08,0.96,6.14,6.88,DIE-07; MAC-01; FS-23,VN-direct,Low,"Our calculation. Protein supply 2023 from FAOSTAT FBS. Direct imports: low = net imports share max(0, (imports minus exports) / (production + imports minus exports)); high = gross FAO import dependency ratio. On imported feed: domestic part x compound-feed share x imported share of compound-feed ingredients (low: by mass, 82.4%, with net imports; high: by crude protein, 92.9%, with gross imports), USDA Table 2 for 2025 applied to 2023 supply."
AIR-004,2023,Eggs,1.24,0.0,0.01,0.96,0.98,1.09,DIE-07; MAC-01; FS-23,VN-direct,Low,"Our calculation. Protein supply 2023 from FAOSTAT FBS. Direct imports: low = net imports share max(0, (imports minus exports) / (production + imports minus exports)); high = gross FAO import dependency ratio. On imported feed: domestic part x compound-feed share x imported share of compound-feed ingredients (low: by mass, 82.4%, with net imports; high: by crude protein, 92.9%, with gross imports), USDA Table 2 for 2025 applied to 2023 supply."
AIR-005,2023,Freshwater fish,4.75,0.0,0.11,0.68,2.66,2.93,DIE-07; MAC-01; FS-23,VN-direct,Low,"Our calculation. Protein supply 2023 from FAOSTAT FBS. Direct imports: low = net imports share max(0, (imports minus exports) / (production + imports minus exports)); high = gross FAO import dependency ratio. On imported feed: domestic part x compound-feed share x imported share of compound-feed ingredients (low: by mass, 82.4%, with net imports; high: by crude protein, 92.9%, with gross imports), USDA Table 2 for 2025 applied to 2023 supply."
AIR-006,2023,Crustaceans,1.69,0.0,0.15,0.8,1.11,1.14,DIE-07; MAC-01; FS-23,VN-direct,Low,"Our calculation. Protein supply 2023 from FAOSTAT FBS. Direct imports: low = net imports share max(0, (imports minus exports) / (production + imports minus exports)); high = gross FAO import dependency ratio. On imported feed: domestic part x compound-feed share x imported share of compound-feed ingredients (low: by mass, 82.4%, with net imports; high: by crude protein, 92.9%, with gross imports), USDA Table 2 for 2025 applied to 2023 supply."
AIR-007,2023,Bovine meat (beef and buffalo),2.74,1.2,1.21,0.0,0.0,0.0,DIE-07; MAC-01; FS-23,VN-direct,Low,"Our calculation. Protein supply 2023 from FAOSTAT FBS. Direct imports: low = net imports share max(0, (imports minus exports) / (production + imports minus exports)); high = gross FAO import dependency ratio. On imported feed: domestic part x compound-feed share x imported share of compound-feed ingredients (low: by mass, 82.4%, with net imports; high: by crude protein, 92.9%, with gross imports), USDA Table 2 for 2025 applied to 2023 supply. Treated as feed-free (grazing, crop residues, capture or unfed): a lower bound, since dairy cows and fattened cattle eat some imported concentrate."
AIR-008,2023,"Mutton, goat and other meat",0.29,0.02,0.03,0.0,0.0,0.0,DIE-07; MAC-01; FS-23,VN-direct,Low,"Our calculation. Protein supply 2023 from FAOSTAT FBS. Direct imports: low = net imports share max(0, (imports minus exports) / (production + imports minus exports)); high = gross FAO import dependency ratio. On imported feed: domestic part x compound-feed share x imported share of compound-feed ingredients (low: by mass, 82.4%, with net imports; high: by crude protein, 92.9%, with gross imports), USDA Table 2 for 2025 applied to 2023 supply. Treated as feed-free (grazing, crop residues, capture or unfed): a lower bound, since dairy cows and fattened cattle eat some imported concentrate."
AIR-009,2023,Milk and dairy (excluding butter),2.5,1.74,1.79,0.0,0.0,0.0,DIE-07; MAC-01; FS-23,VN-direct,Low,"Our calculation. Protein supply 2023 from FAOSTAT FBS. Direct imports: low = net imports share max(0, (imports minus exports) / (production + imports minus exports)); high = gross FAO import dependency ratio. On imported feed: domestic part x compound-feed share x imported share of compound-feed ingredients (low: by mass, 82.4%, with net imports; high: by crude protein, 92.9%, with gross imports), USDA Table 2 for 2025 applied to 2023 supply. Treated as feed-free (grazing, crop residues, capture or unfed): a lower bound, since dairy cows and fattened cattle eat some imported concentrate."
AIR-010,2023,"Marine fish, cephalopods and molluscs (capture or unfed)",4.69,0.31,1.58,0.0,0.0,0.0,DIE-07; MAC-01; FS-23,VN-direct,Low,"Our calculation. Protein supply 2023 from FAOSTAT FBS. Direct imports: low = net imports share max(0, (imports minus exports) / (production + imports minus exports)); high = gross FAO import dependency ratio. On imported feed: domestic part x compound-feed share x imported share of compound-feed ingredients (low: by mass, 82.4%, with net imports; high: by crude protein, 92.9%, with gross imports), USDA Table 2 for 2025 applied to 2023 supply. Treated as feed-free (grazing, crop residues, capture or unfed): a lower bound, since dairy cows and fattened cattle eat some imported concentrate."
AIR-011,2023,All animal foods in the table,42.9,5.83,7.55,,20.68,23.05,DIE-07; MAC-01; FS-23,VN-direct,Low,"Our calculation; sum of the rows above. Excludes animal fats, butter, honey and infant food."
