record_id,event,years,species,losses,price_effect,human_cases,source_ids,evidence_label,confidence,notes
DSH-001,"African swine fever, first epidemic",2019,pigs,Over 5.9 million pigs culled by Dec 2019 (about 23% of herd); herd 28.15 M to 24.93 M (down 11.5%); sows down 31.8%; live-weight pig output 3.82 Mt to 3.29 Mt (down 13.8%),"Live pig VND 24,000 to 35,000 per kg in May 2019 (collapse on panic selling and pork avoidance); record above VND 90,000 per kg in late Dec 2019; modelled annual rises 45% (traditional) to 11% (modern) sector",Not applicable (pig disease; no human infection reported in sources read),PAN-03; PAN-04; GEO-14,VN-direct,High,"Herd, sow and output data are MARD figures reported by USDA. Price collapse figures from press (Medium). Package already holds nearly 6 M and over 20% (GEO-14, GEO-15)."
DSH-002,"African swine fever, first epidemic: spread",2019,pigs,"8,509 of 11,055 communes (77%) affected by Dec 2019; affected communes grew about 7.6% a week to 14 Jul 2019 (doubling about 9.5 weeks)",,Not applicable,PAN-36,VN-direct,Medium,"Abstract only. Differs from GEO-15 count of 8,553 of 10,614 communes; see disagreements.csv."
DSH-003,"African swine fever, first epidemic: macro cost (model)",2019 (2018 base),pigs,"Published model: a 10% fall in pig output cuts GDP 0.36% (USD 0.88 billion) and costs about 247,000 jobs; 25%: 0.90% (USD 2.20 billion); 50%: 1.80% (USD 4.40 billion), 1.2 M jobs; household income down nearly USD 600 M in the 10% scenario",,Not applicable,GEO-14,VN-direct,Medium,"Model scenarios, not measured losses. Actual 2019 output fall (13.8%, PAN-03) lies between the 10% and 25% scenarios. Read via fetch tool extraction of full text."
DSH-004,"African swine fever, tail and supply gap",Q1 2020,pigs,"24 outbreaks and 20,177 pigs Jan to Mar 2020; pork supplied 811,000 t in Q1 2020, down 19.3% y/y, against pre-ASF quarterly demand of 910,000 t","Live pig VND 75,000 to 85,000 per kg; retail pork VND 130,000 to 200,000 per kg; PM target below VND 60,000 per kg",Not applicable,PAN-03,VN-direct,High,"Response: about 100,000 t of pork imports ordered for Q1 2020 (43,553 t by 7 Apr 2020, up over 300%); Notice 132/TB-VPCP promoted pork substitutes and frozen pork."
DSH-005,"African swine fever, endemic phase",H1 2024,pigs,"468 outbreaks in 41 provinces; 22,011 pigs culled; outbreaks 2.4 times H1 2023",,Not applicable,PAN-07,VN-direct,Medium,Department of Animal Health figures reported by press.
DSH-006,"African swine fever, return",2025,pigs,"636 outbreaks in over 28 of 34 provinces by 22 Jul 2025; over 330,000 pigs culled by about 21 Aug 2025 (about 0.9% of herd); about 1.2 M culled in the year (3.8% of end-2025 herd, our calculation)","Culling sales caused local oversupply; live hog fell to about VND 50,000 per kg in Nov 2025; recovery by Tet 2026; consumers shifted to chicken",Not applicable,PAN-05; PAN-06; MAC-01; MAC-12,VN-direct,Medium,"Annual 1.2 M from MAE via USDA (MAC-01, read directly). The jump from about 43,000 (22 Jul) to over 330,000 (about 21 Aug) may reflect different counting."
DSH-007,"African swine fever, recombinant strain dominance",2025,pigs,"Recombinant genotype I/II in 158 of 200 typed samples in the north (79%), 32 of 42 in the centre and Central Highlands (76%), 6 of 10 in the south (60%); 196 of 252 overall (77.8%, our calculation). Licensed vaccines protect against genotype II only",,Not applicable,PAN-33,VN-direct,High,"Official MAE letter 2481/CNTY-DT, 12 Sep 2025. Surveillance samples, not outbreaks. About 7.8 M vaccine doses supplied by Aug 2025; vaccination rate low (PAN-06)."
DSH-008,"African swine fever, continuing",2026 (to end Sep),pigs,"Still active in Thai Nguyen, Dong Nai, Hanoi and Ha Tinh at end Sep 2026; national totals not verified",Not verified,Not applicable,PAN-38,VN-direct,Medium,"Search snippets give 514 outbreaks in 27 or 28 provinces to 15 Apr 2026 and live pig VND 57,000 to 60,000 per kg in Sep 2026; not used (snippet only)."
DSH-009,Highly pathogenic avian influenza in poultry,Jan to Mar 2020,poultry,"44 outbreaks (39 H5N6, 5 H5N1) in 14 provinces; 137,180 birds dead or culled","With COVID-19, poultry demand and farm prices fell to a decade low; cheap imports also blamed by the poultry association",None reported in source,PAN-03,VN-direct,High,Poultry output had risen 16.5% in 2019 as farmers switched from pigs.
DSH-010,Highly pathogenic avian influenza in poultry,H1 2024,poultry,"7 H5N1 outbreaks in 7 provinces; 12,424 birds",,See human H5N1 rows,PAN-07,VN-direct,Medium,Outbreaks down 36% on H1 2023.
DSH-011,Highly pathogenic avian influenza in poultry,2026 (to 24 Jul),poultry,"80 outbreaks in 73 communes of 17 provinces; over 349,400 birds dead or culled (about 0.06% of end-2025 flock of 584.9 M, our calculation)",Not reported,None in Viet Nam in 2026 to 6 Sep (PAN-01),PAN-09; MAC-12; PAN-01,VN-direct,Medium,First 2026 vaccination round 51.44% of required birds. Decision 779/QD-TTg targets 30% fewer HPAI outbreaks than the 2019 to 2025 average by 2030 (PAN-10).
DSH-012,Human H5N1 infection,2003 to 6 Sep 2026,humans (avian source),,,130 cases and 65 deaths in Viet Nam: 112 and 57 (2003 to 2009); 15 and 7 (2010 to 2014); 0 (2015 to 2019); 2 and 1 (2020 to 2024); 1 and 0 (2025); 0 (2026),PAN-01,VN-direct,High,WHO: sustained human-to-human transmission currently considered unlikely.
DSH-013,"Human H5N1 death, Khanh Hoa",Mar 2024,humans (wild-bird exposure),,,1 death (man aged 21); exposure: bird hunting; no case among contacts,PAN-02,VN-direct,High,First Vietnamese case since 2022.
DSH-014,Human A(H5) and A(H9N2) infections,2024,humans (avian source),,,"A(H5) unsubtyped: 1 case, Tay Ninh (former Long An), onset 9 Nov 2024; A(H9N2): 1 Vietnamese case of 183 in the Western Pacific since 2015",PAN-01,VN-direct,High,Outcome of the Nov 2024 A(H5) case not stated in the source read.
DSH-015,Streptococcus suis (pig-borne),2011 to 2014; 2025,humans (pig source),"Burden 2011 to 2014: 1,437 to 1,866 DALYs a year; direct cost USD 370,000 to 500,000 and indirect USD 2.27 to 2.88 M a year",,"Imputed incidence 0.249 to 0.324 per 100,000 a year (2011 to 2014); MOH reported 123 cases and 2 deaths in 2025",PAN-11; PAN-15; PAN-13,VN-direct,Medium,Leading cause of adult bacterial meningitis in northern Vietnam (PAN-13). Raw pig blood (tiet canh) and slaughter are main routes. Provincial reports may show more deaths than the MOH national count (snippet only; see disagreements.csv).
DSH-016,Salmonella in retail pork,2014 to 2019 studies,pigs (foodborne),58.1% of 671 retail pork samples positive in three northern provinces; 59.4% of 69 isolates multidrug resistant,,"Modelled annual salmonellosis incidence from boiled pork 17.7% (90% CI 0.89 to 45.96%), urban Hung Yen",PAN-17; PAN-18; PAN-19,VN-direct,Medium,Abstract only. The model covers one province and has a very wide interval (Low on its own).
DSH-017,ASF-infected pork sold into school meals,Q1 2026,pigs (food fraud),"About 300 t of pork from about 3,600 ASF-infected pigs sold into Hanoi school meals",,No human infection reported in sources read,CHN-36; TRU-20; BUY-20,VN-direct,Medium,Already in the package; repeated here for completeness.
