record_id,scenario,year,meat_kg_cwe_per_person,meat_protein_g_per_person_day,meat_protein_kt,share_on_imports_low_pct,share_on_imports_high_pct,meat_protein_on_imports_kt_low,meat_protein_on_imports_kt_high,source_ids,evidence_label,confidence,foresight_type,horizon_year,notes
MPI-001,S-BASE,2025,66.5,27.3,1013,70.4,78.0,713,790,QNT-01; MAC-01; FS-23,VN-direct,Low,calibration (2025 base),2025,"Our calculation. Meat per person and population from data/balance_outputs.csv (balance model, unchanged); 0.15 kg protein per kg carcass weight (F4 convention; FAOSTAT 2023 implies 0.151). Share on imports = sum over pork, poultry and beef of demand x ((1 minus SSR) + SSR x compound-feed share x imported share of compound feed). SSR held at OECD-FAO 2025 values (0.961, 0.875, 0.522). Compound-feed shares from F4.3.3 (pigs 0.81 to 0.97, poultry 0.96 to 0.98; ruminants 0). Imported share of compound feed held at 2025 values: low 82.4% by mass, high 92.9% by crude protein."
MPI-002,S-BASE,2030,75.4,31.0,1178,74.3,82.4,876,971,QNT-01; MAC-01; FS-23,VN-direct,Low,estimate,2030,"Our calculation. Meat per person and population from data/balance_outputs.csv (balance model, unchanged); 0.15 kg protein per kg carcass weight (F4 convention; FAOSTAT 2023 implies 0.151). Share on imports = sum over pork, poultry and beef of demand x ((1 minus SSR) + SSR x compound-feed share x imported share of compound feed). SSR held at OECD-FAO 2025 values (0.961, 0.875, 0.522). Compound-feed shares from F4.3.3 (pigs 0.81 to 0.97, poultry 0.96 to 0.98; ruminants 0). Imported share of compound feed held at 2025 values: low 82.4% by mass, high 92.9% by crude protein."
MPI-003,S-BASE,2035,81.9,33.7,1309,76.0,84.3,994,1103,QNT-01; MAC-01; FS-23,VN-direct,Low,estimate,2035,"Our calculation. Meat per person and population from data/balance_outputs.csv (balance model, unchanged); 0.15 kg protein per kg carcass weight (F4 convention; FAOSTAT 2023 implies 0.151). Share on imports = sum over pork, poultry and beef of demand x ((1 minus SSR) + SSR x compound-feed share x imported share of compound feed). SSR held at OECD-FAO 2025 values (0.961, 0.875, 0.522). Compound-feed shares from F4.3.3 (pigs 0.81 to 0.97, poultry 0.96 to 0.98; ruminants 0). Imported share of compound feed held at 2025 values: low 82.4% by mass, high 92.9% by crude protein."
MPI-004,S-BASE,2040,84.3,34.6,1371,77.5,86.0,1063,1179,QNT-01; MAC-01; FS-23,VN-direct,Low,estimate,2040,"Our calculation. Meat per person and population from data/balance_outputs.csv (balance model, unchanged); 0.15 kg protein per kg carcass weight (F4 convention; FAOSTAT 2023 implies 0.151). Share on imports = sum over pork, poultry and beef of demand x ((1 minus SSR) + SSR x compound-feed share x imported share of compound feed). SSR held at OECD-FAO 2025 values (0.961, 0.875, 0.522). Compound-feed shares from F4.3.3 (pigs 0.81 to 0.97, poultry 0.96 to 0.98; ruminants 0). Imported share of compound feed held at 2025 values: low 82.4% by mass, high 92.9% by crude protein."
MPI-005,S-BASE,2050,87.6,36.0,1446,78.6,87.2,1136,1261,QNT-01; MAC-01; FS-23,VN-direct,Low,estimate,2050,"Our calculation. Meat per person and population from data/balance_outputs.csv (balance model, unchanged); 0.15 kg protein per kg carcass weight (F4 convention; FAOSTAT 2023 implies 0.151). Share on imports = sum over pork, poultry and beef of demand x ((1 minus SSR) + SSR x compound-feed share x imported share of compound feed). SSR held at OECD-FAO 2025 values (0.961, 0.875, 0.522). Compound-feed shares from F4.3.3 (pigs 0.81 to 0.97, poultry 0.96 to 0.98; ruminants 0). Imported share of compound feed held at 2025 values: low 82.4% by mass, high 92.9% by crude protein."
MPI-006,S-HIGH,2025,66.5,27.3,1013,70.4,78.0,713,790,QNT-01; MAC-01; FS-23,VN-direct,Low,calibration (2025 base),2025,"Our calculation. Meat per person and population from data/balance_outputs.csv (balance model, unchanged); 0.15 kg protein per kg carcass weight (F4 convention; FAOSTAT 2023 implies 0.151). Share on imports = sum over pork, poultry and beef of demand x ((1 minus SSR) + SSR x compound-feed share x imported share of compound feed). SSR held at OECD-FAO 2025 values (0.961, 0.875, 0.522). Compound-feed shares from F4.3.3 (pigs 0.81 to 0.97, poultry 0.96 to 0.98; ruminants 0). Imported share of compound feed held at 2025 values: low 82.4% by mass, high 92.9% by crude protein."
MPI-007,S-HIGH,2030,80.0,32.9,1251,74.3,82.4,929,1031,QNT-01; MAC-01; FS-23,VN-direct,Low,estimate,2030,"Our calculation. Meat per person and population from data/balance_outputs.csv (balance model, unchanged); 0.15 kg protein per kg carcass weight (F4 convention; FAOSTAT 2023 implies 0.151). Share on imports = sum over pork, poultry and beef of demand x ((1 minus SSR) + SSR x compound-feed share x imported share of compound feed). SSR held at OECD-FAO 2025 values (0.961, 0.875, 0.522). Compound-feed shares from F4.3.3 (pigs 0.81 to 0.97, poultry 0.96 to 0.98; ruminants 0). Imported share of compound feed held at 2025 values: low 82.4% by mass, high 92.9% by crude protein."
MPI-008,S-HIGH,2035,88.6,36.4,1415,76.0,84.3,1075,1193,QNT-01; MAC-01; FS-23,VN-direct,Low,estimate,2035,"Our calculation. Meat per person and population from data/balance_outputs.csv (balance model, unchanged); 0.15 kg protein per kg carcass weight (F4 convention; FAOSTAT 2023 implies 0.151). Share on imports = sum over pork, poultry and beef of demand x ((1 minus SSR) + SSR x compound-feed share x imported share of compound feed). SSR held at OECD-FAO 2025 values (0.961, 0.875, 0.522). Compound-feed shares from F4.3.3 (pigs 0.81 to 0.97, poultry 0.96 to 0.98; ruminants 0). Imported share of compound feed held at 2025 values: low 82.4% by mass, high 92.9% by crude protein."
MPI-009,S-HIGH,2040,93.8,38.5,1525,77.5,86.0,1182,1311,QNT-01; MAC-01; FS-23,VN-direct,Low,estimate,2040,"Our calculation. Meat per person and population from data/balance_outputs.csv (balance model, unchanged); 0.15 kg protein per kg carcass weight (F4 convention; FAOSTAT 2023 implies 0.151). Share on imports = sum over pork, poultry and beef of demand x ((1 minus SSR) + SSR x compound-feed share x imported share of compound feed). SSR held at OECD-FAO 2025 values (0.961, 0.875, 0.522). Compound-feed shares from F4.3.3 (pigs 0.81 to 0.97, poultry 0.96 to 0.98; ruminants 0). Imported share of compound feed held at 2025 values: low 82.4% by mass, high 92.9% by crude protein."
MPI-010,S-HIGH,2050,101.0,41.5,1666,78.6,87.2,1310,1453,QNT-01; MAC-01; FS-23,VN-direct,Low,estimate,2050,"Our calculation. Meat per person and population from data/balance_outputs.csv (balance model, unchanged); 0.15 kg protein per kg carcass weight (F4 convention; FAOSTAT 2023 implies 0.151). Share on imports = sum over pork, poultry and beef of demand x ((1 minus SSR) + SSR x compound-feed share x imported share of compound feed). SSR held at OECD-FAO 2025 values (0.961, 0.875, 0.522). Compound-feed shares from F4.3.3 (pigs 0.81 to 0.97, poultry 0.96 to 0.98; ruminants 0). Imported share of compound feed held at 2025 values: low 82.4% by mass, high 92.9% by crude protein."
