record_id,year,item_group,protein_g_per_person_day,share_of_total,plant_or_animal,source_ids,evidence_label,confidence,notes
PSS-001,2010,Rice,31.35,39.3,plant,DIE-07,VN-direct,High,"FAOSTAT Food Balances (2010-), element 674 (protein supply quantity, g per capita per day); share of total is our calculation. Supply available for consumption, not intake."
PSS-002,2010,Wheat,2.34,2.9,plant,DIE-07,VN-direct,High,"FAOSTAT Food Balances (2010-), element 674 (protein supply quantity, g per capita per day); share of total is our calculation. Supply available for consumption, not intake."
PSS-003,2010,Maize,1.39,1.7,plant,DIE-07,VN-direct,High,"FAOSTAT Food Balances (2010-), element 674 (protein supply quantity, g per capita per day); share of total is our calculation. Supply available for consumption, not intake."
PSS-004,2010,Other cereals,0.01,0.0,plant,DIE-07,VN-direct,High,"FAOSTAT Food Balances (2010-), element 674 (protein supply quantity, g per capita per day); share of total is our calculation. Supply available for consumption, not intake."
PSS-005,2010,"Soybeans (tofu, soy milk and other soy foods)",2.91,3.7,plant,DIE-07,VN-direct,High,"FAOSTAT Food Balances (2010-), element 674 (protein supply quantity, g per capita per day); share of total is our calculation. Supply available for consumption, not intake."
PSS-006,2010,"Pulses (beans, peas, other)",1.67,2.1,plant,DIE-07,VN-direct,High,"FAOSTAT Food Balances (2010-), element 674 (protein supply quantity, g per capita per day); share of total is our calculation. Supply available for consumption, not intake."
PSS-007,2010,Groundnuts,1.44,1.8,plant,DIE-07,VN-direct,High,"FAOSTAT Food Balances (2010-), element 674 (protein supply quantity, g per capita per day); share of total is our calculation. Supply available for consumption, not intake."
PSS-008,2010,Tree nuts,0.09,0.1,plant,DIE-07,VN-direct,High,"FAOSTAT Food Balances (2010-), element 674 (protein supply quantity, g per capita per day); share of total is our calculation. Supply available for consumption, not intake."
PSS-009,2010,"Other oilcrops (sesame, coconut and others)",0.11,0.1,plant,DIE-07,VN-direct,High,"FAOSTAT Food Balances (2010-), element 674 (protein supply quantity, g per capita per day); share of total is our calculation. Supply available for consumption, not intake."
PSS-010,2010,Vegetables,5.34,6.7,plant,DIE-07,VN-direct,High,"FAOSTAT Food Balances (2010-), element 674 (protein supply quantity, g per capita per day); share of total is our calculation. Supply available for consumption, not intake."
PSS-011,2010,Fruits,1.2,1.5,plant,DIE-07,VN-direct,High,"FAOSTAT Food Balances (2010-), element 674 (protein supply quantity, g per capita per day); share of total is our calculation. Supply available for consumption, not intake."
PSS-012,2010,Starchy roots,0.54,0.7,plant,DIE-07,VN-direct,High,"FAOSTAT Food Balances (2010-), element 674 (protein supply quantity, g per capita per day); share of total is our calculation. Supply available for consumption, not intake."
PSS-013,2010,"Other plant foods (sugar, spices, stimulants, drinks, aquatic plants)",0.8,1.0,plant,DIE-07,VN-direct,High,"FAOSTAT Food Balances (2010-), element 674 (protein supply quantity, g per capita per day); share of total is our calculation. Supply available for consumption, not intake. Residual: group total minus the named groups (our calculation)."
PSS-014,2010,Pigmeat,9.76,12.3,animal,DIE-07,VN-direct,High,"FAOSTAT Food Balances (2010-), element 674 (protein supply quantity, g per capita per day); share of total is our calculation. Supply available for consumption, not intake."
PSS-015,2010,Poultry meat,5.32,6.7,animal,DIE-07,VN-direct,High,"FAOSTAT Food Balances (2010-), element 674 (protein supply quantity, g per capita per day); share of total is our calculation. Supply available for consumption, not intake."
PSS-016,2010,Bovine meat (beef and buffalo),1.56,2.0,animal,DIE-07,VN-direct,High,"FAOSTAT Food Balances (2010-), element 674 (protein supply quantity, g per capita per day); share of total is our calculation. Supply available for consumption, not intake."
PSS-017,2010,"Mutton, goat and other meat",0.25,0.3,animal,DIE-07,VN-direct,High,"FAOSTAT Food Balances (2010-), element 674 (protein supply quantity, g per capita per day); share of total is our calculation. Supply available for consumption, not intake."
PSS-018,2010,Edible offal,1.81,2.3,animal,DIE-07,VN-direct,High,"FAOSTAT Food Balances (2010-), element 674 (protein supply quantity, g per capita per day); share of total is our calculation. Supply available for consumption, not intake."
PSS-019,2010,Eggs,0.96,1.2,animal,DIE-07,VN-direct,High,"FAOSTAT Food Balances (2010-), element 674 (protein supply quantity, g per capita per day); share of total is our calculation. Supply available for consumption, not intake. FAO egg supply is probably too low against NSO egg output (DG-174)."
PSS-020,2010,Milk and dairy (excluding butter),1.37,1.7,animal,DIE-07,VN-direct,High,"FAOSTAT Food Balances (2010-), element 674 (protein supply quantity, g per capita per day); share of total is our calculation. Supply available for consumption, not intake. The FAO milk series swings between years through residual and trade adjustments (DG-175)."
PSS-021,2010,Fish and seafood,9.13,11.5,animal,DIE-07,VN-direct,High,"FAOSTAT Food Balances (2010-), element 674 (protein supply quantity, g per capita per day); share of total is our calculation. Supply available for consumption, not intake."
PSS-022,2010,"Other animal products (animal fats, butter, honey, infant food)",0.32,0.4,animal,DIE-07,VN-direct,High,"FAOSTAT Food Balances (2010-), element 674 (protein supply quantity, g per capita per day); share of total is our calculation. Supply available for consumption, not intake. Residual: group total minus the named groups (our calculation)."
PSS-023,2010,All plant foods,49.19,61.7,plant total,DIE-07,VN-direct,High,"FAOSTAT Food Balances (2010-), element 674 (protein supply quantity, g per capita per day); share of total is our calculation. Supply available for consumption, not intake."
PSS-024,2010,All animal foods,30.48,38.3,animal total,DIE-07,VN-direct,High,"FAOSTAT Food Balances (2010-), element 674 (protein supply quantity, g per capita per day); share of total is our calculation. Supply available for consumption, not intake."
PSS-025,2010,All foods,79.67,100.0,total,DIE-07,VN-direct,High,"FAOSTAT Food Balances (2010-), element 674 (protein supply quantity, g per capita per day); share of total is our calculation. Supply available for consumption, not intake."
PSS-026,2015,Rice,30.31,35.2,plant,DIE-07,VN-direct,High,"FAOSTAT Food Balances (2010-), element 674 (protein supply quantity, g per capita per day); share of total is our calculation. Supply available for consumption, not intake."
PSS-027,2015,Wheat,2.68,3.1,plant,DIE-07,VN-direct,High,"FAOSTAT Food Balances (2010-), element 674 (protein supply quantity, g per capita per day); share of total is our calculation. Supply available for consumption, not intake."
PSS-028,2015,Maize,2.69,3.1,plant,DIE-07,VN-direct,High,"FAOSTAT Food Balances (2010-), element 674 (protein supply quantity, g per capita per day); share of total is our calculation. Supply available for consumption, not intake."
PSS-029,2015,Other cereals,0.0,0.0,plant,DIE-07,VN-direct,High,"FAOSTAT Food Balances (2010-), element 674 (protein supply quantity, g per capita per day); share of total is our calculation. Supply available for consumption, not intake."
PSS-030,2015,"Soybeans (tofu, soy milk and other soy foods)",3.32,3.9,plant,DIE-07,VN-direct,High,"FAOSTAT Food Balances (2010-), element 674 (protein supply quantity, g per capita per day); share of total is our calculation. Supply available for consumption, not intake."
PSS-031,2015,"Pulses (beans, peas, other)",1.88,2.2,plant,DIE-07,VN-direct,High,"FAOSTAT Food Balances (2010-), element 674 (protein supply quantity, g per capita per day); share of total is our calculation. Supply available for consumption, not intake."
PSS-032,2015,Groundnuts,1.33,1.5,plant,DIE-07,VN-direct,High,"FAOSTAT Food Balances (2010-), element 674 (protein supply quantity, g per capita per day); share of total is our calculation. Supply available for consumption, not intake."
PSS-033,2015,Tree nuts,0.3,0.3,plant,DIE-07,VN-direct,High,"FAOSTAT Food Balances (2010-), element 674 (protein supply quantity, g per capita per day); share of total is our calculation. Supply available for consumption, not intake."
PSS-034,2015,"Other oilcrops (sesame, coconut and others)",0.06,0.1,plant,DIE-07,VN-direct,High,"FAOSTAT Food Balances (2010-), element 674 (protein supply quantity, g per capita per day); share of total is our calculation. Supply available for consumption, not intake."
PSS-035,2015,Vegetables,8.84,10.3,plant,DIE-07,VN-direct,High,"FAOSTAT Food Balances (2010-), element 674 (protein supply quantity, g per capita per day); share of total is our calculation. Supply available for consumption, not intake."
PSS-036,2015,Fruits,1.22,1.4,plant,DIE-07,VN-direct,High,"FAOSTAT Food Balances (2010-), element 674 (protein supply quantity, g per capita per day); share of total is our calculation. Supply available for consumption, not intake."
PSS-037,2015,Starchy roots,0.54,0.6,plant,DIE-07,VN-direct,High,"FAOSTAT Food Balances (2010-), element 674 (protein supply quantity, g per capita per day); share of total is our calculation. Supply available for consumption, not intake."
PSS-038,2015,"Other plant foods (sugar, spices, stimulants, drinks, aquatic plants)",0.91,1.1,plant,DIE-07,VN-direct,High,"FAOSTAT Food Balances (2010-), element 674 (protein supply quantity, g per capita per day); share of total is our calculation. Supply available for consumption, not intake. Residual: group total minus the named groups (our calculation)."
PSS-039,2015,Pigmeat,10.6,12.3,animal,DIE-07,VN-direct,High,"FAOSTAT Food Balances (2010-), element 674 (protein supply quantity, g per capita per day); share of total is our calculation. Supply available for consumption, not intake."
PSS-040,2015,Poultry meat,4.14,4.8,animal,DIE-07,VN-direct,High,"FAOSTAT Food Balances (2010-), element 674 (protein supply quantity, g per capita per day); share of total is our calculation. Supply available for consumption, not intake."
PSS-041,2015,Bovine meat (beef and buffalo),1.17,1.4,animal,DIE-07,VN-direct,High,"FAOSTAT Food Balances (2010-), element 674 (protein supply quantity, g per capita per day); share of total is our calculation. Supply available for consumption, not intake."
PSS-042,2015,"Mutton, goat and other meat",0.24,0.3,animal,DIE-07,VN-direct,High,"FAOSTAT Food Balances (2010-), element 674 (protein supply quantity, g per capita per day); share of total is our calculation. Supply available for consumption, not intake."
PSS-043,2015,Edible offal,2.01,2.3,animal,DIE-07,VN-direct,High,"FAOSTAT Food Balances (2010-), element 674 (protein supply quantity, g per capita per day); share of total is our calculation. Supply available for consumption, not intake."
PSS-044,2015,Eggs,1.27,1.5,animal,DIE-07,VN-direct,High,"FAOSTAT Food Balances (2010-), element 674 (protein supply quantity, g per capita per day); share of total is our calculation. Supply available for consumption, not intake. FAO egg supply is probably too low against NSO egg output (DG-174)."
PSS-045,2015,Milk and dairy (excluding butter),2.38,2.8,animal,DIE-07,VN-direct,High,"FAOSTAT Food Balances (2010-), element 674 (protein supply quantity, g per capita per day); share of total is our calculation. Supply available for consumption, not intake. The FAO milk series swings between years through residual and trade adjustments (DG-175)."
PSS-046,2015,Fish and seafood,9.78,11.4,animal,DIE-07,VN-direct,High,"FAOSTAT Food Balances (2010-), element 674 (protein supply quantity, g per capita per day); share of total is our calculation. Supply available for consumption, not intake."
PSS-047,2015,"Other animal products (animal fats, butter, honey, infant food)",0.35,0.4,animal,DIE-07,VN-direct,High,"FAOSTAT Food Balances (2010-), element 674 (protein supply quantity, g per capita per day); share of total is our calculation. Supply available for consumption, not intake. Residual: group total minus the named groups (our calculation)."
PSS-048,2015,All plant foods,54.08,62.9,plant total,DIE-07,VN-direct,High,"FAOSTAT Food Balances (2010-), element 674 (protein supply quantity, g per capita per day); share of total is our calculation. Supply available for consumption, not intake."
PSS-049,2015,All animal foods,31.94,37.1,animal total,DIE-07,VN-direct,High,"FAOSTAT Food Balances (2010-), element 674 (protein supply quantity, g per capita per day); share of total is our calculation. Supply available for consumption, not intake."
PSS-050,2015,All foods,86.03,100.0,total,DIE-07,VN-direct,High,"FAOSTAT Food Balances (2010-), element 674 (protein supply quantity, g per capita per day); share of total is our calculation. Supply available for consumption, not intake."
PSS-051,2020,Rice,28.78,30.8,plant,DIE-07,VN-direct,High,"FAOSTAT Food Balances (2010-), element 674 (protein supply quantity, g per capita per day); share of total is our calculation. Supply available for consumption, not intake."
PSS-052,2020,Wheat,3.75,4.0,plant,DIE-07,VN-direct,High,"FAOSTAT Food Balances (2010-), element 674 (protein supply quantity, g per capita per day); share of total is our calculation. Supply available for consumption, not intake."
PSS-053,2020,Maize,3.18,3.4,plant,DIE-07,VN-direct,High,"FAOSTAT Food Balances (2010-), element 674 (protein supply quantity, g per capita per day); share of total is our calculation. Supply available for consumption, not intake."
PSS-054,2020,Other cereals,0.01,0.0,plant,DIE-07,VN-direct,High,"FAOSTAT Food Balances (2010-), element 674 (protein supply quantity, g per capita per day); share of total is our calculation. Supply available for consumption, not intake."
PSS-055,2020,"Soybeans (tofu, soy milk and other soy foods)",4.51,4.8,plant,DIE-07,VN-direct,High,"FAOSTAT Food Balances (2010-), element 674 (protein supply quantity, g per capita per day); share of total is our calculation. Supply available for consumption, not intake."
PSS-056,2020,"Pulses (beans, peas, other)",1.98,2.1,plant,DIE-07,VN-direct,High,"FAOSTAT Food Balances (2010-), element 674 (protein supply quantity, g per capita per day); share of total is our calculation. Supply available for consumption, not intake."
PSS-057,2020,Groundnuts,1.35,1.4,plant,DIE-07,VN-direct,High,"FAOSTAT Food Balances (2010-), element 674 (protein supply quantity, g per capita per day); share of total is our calculation. Supply available for consumption, not intake."
PSS-058,2020,Tree nuts,0.25,0.3,plant,DIE-07,VN-direct,High,"FAOSTAT Food Balances (2010-), element 674 (protein supply quantity, g per capita per day); share of total is our calculation. Supply available for consumption, not intake."
PSS-059,2020,"Other oilcrops (sesame, coconut and others)",0.07,0.1,plant,DIE-07,VN-direct,High,"FAOSTAT Food Balances (2010-), element 674 (protein supply quantity, g per capita per day); share of total is our calculation. Supply available for consumption, not intake."
PSS-060,2020,Vegetables,9.81,10.5,plant,DIE-07,VN-direct,High,"FAOSTAT Food Balances (2010-), element 674 (protein supply quantity, g per capita per day); share of total is our calculation. Supply available for consumption, not intake."
PSS-061,2020,Fruits,1.16,1.2,plant,DIE-07,VN-direct,High,"FAOSTAT Food Balances (2010-), element 674 (protein supply quantity, g per capita per day); share of total is our calculation. Supply available for consumption, not intake."
PSS-062,2020,Starchy roots,0.53,0.6,plant,DIE-07,VN-direct,High,"FAOSTAT Food Balances (2010-), element 674 (protein supply quantity, g per capita per day); share of total is our calculation. Supply available for consumption, not intake."
PSS-063,2020,"Other plant foods (sugar, spices, stimulants, drinks, aquatic plants)",1.26,1.3,plant,DIE-07,VN-direct,High,"FAOSTAT Food Balances (2010-), element 674 (protein supply quantity, g per capita per day); share of total is our calculation. Supply available for consumption, not intake. Residual: group total minus the named groups (our calculation)."
PSS-064,2020,Pigmeat,10.34,11.1,animal,DIE-07,VN-direct,High,"FAOSTAT Food Balances (2010-), element 674 (protein supply quantity, g per capita per day); share of total is our calculation. Supply available for consumption, not intake."
PSS-065,2020,Poultry meat,7.23,7.7,animal,DIE-07,VN-direct,High,"FAOSTAT Food Balances (2010-), element 674 (protein supply quantity, g per capita per day); share of total is our calculation. Supply available for consumption, not intake."
PSS-066,2020,Bovine meat (beef and buffalo),1.68,1.8,animal,DIE-07,VN-direct,High,"FAOSTAT Food Balances (2010-), element 674 (protein supply quantity, g per capita per day); share of total is our calculation. Supply available for consumption, not intake."
PSS-067,2020,"Mutton, goat and other meat",0.26,0.3,animal,DIE-07,VN-direct,High,"FAOSTAT Food Balances (2010-), element 674 (protein supply quantity, g per capita per day); share of total is our calculation. Supply available for consumption, not intake."
PSS-068,2020,Edible offal,1.63,1.7,animal,DIE-07,VN-direct,High,"FAOSTAT Food Balances (2010-), element 674 (protein supply quantity, g per capita per day); share of total is our calculation. Supply available for consumption, not intake."
PSS-069,2020,Eggs,1.29,1.4,animal,DIE-07,VN-direct,High,"FAOSTAT Food Balances (2010-), element 674 (protein supply quantity, g per capita per day); share of total is our calculation. Supply available for consumption, not intake. FAO egg supply is probably too low against NSO egg output (DG-174)."
PSS-070,2020,Milk and dairy (excluding butter),2.8,3.0,animal,DIE-07,VN-direct,High,"FAOSTAT Food Balances (2010-), element 674 (protein supply quantity, g per capita per day); share of total is our calculation. Supply available for consumption, not intake. The FAO milk series swings between years through residual and trade adjustments (DG-175)."
PSS-071,2020,Fish and seafood,11.27,12.1,animal,DIE-07,VN-direct,High,"FAOSTAT Food Balances (2010-), element 674 (protein supply quantity, g per capita per day); share of total is our calculation. Supply available for consumption, not intake."
PSS-072,2020,"Other animal products (animal fats, butter, honey, infant food)",0.25,0.3,animal,DIE-07,VN-direct,High,"FAOSTAT Food Balances (2010-), element 674 (protein supply quantity, g per capita per day); share of total is our calculation. Supply available for consumption, not intake. Residual: group total minus the named groups (our calculation)."
PSS-073,2020,All plant foods,56.64,60.6,plant total,DIE-07,VN-direct,High,"FAOSTAT Food Balances (2010-), element 674 (protein supply quantity, g per capita per day); share of total is our calculation. Supply available for consumption, not intake."
PSS-074,2020,All animal foods,36.75,39.3,animal total,DIE-07,VN-direct,High,"FAOSTAT Food Balances (2010-), element 674 (protein supply quantity, g per capita per day); share of total is our calculation. Supply available for consumption, not intake."
PSS-075,2020,All foods,93.4,100.0,total,DIE-07,VN-direct,High,"FAOSTAT Food Balances (2010-), element 674 (protein supply quantity, g per capita per day); share of total is our calculation. Supply available for consumption, not intake."
PSS-076,2023,Rice,26.99,26.4,plant,DIE-07,VN-direct,High,"FAOSTAT Food Balances (2010-), element 674 (protein supply quantity, g per capita per day); share of total is our calculation. Supply available for consumption, not intake."
PSS-077,2023,Wheat,3.27,3.2,plant,DIE-07,VN-direct,High,"FAOSTAT Food Balances (2010-), element 674 (protein supply quantity, g per capita per day); share of total is our calculation. Supply available for consumption, not intake."
PSS-078,2023,Maize,2.74,2.7,plant,DIE-07,VN-direct,High,"FAOSTAT Food Balances (2010-), element 674 (protein supply quantity, g per capita per day); share of total is our calculation. Supply available for consumption, not intake."
PSS-079,2023,Other cereals,0.03,0.0,plant,DIE-07,VN-direct,High,"FAOSTAT Food Balances (2010-), element 674 (protein supply quantity, g per capita per day); share of total is our calculation. Supply available for consumption, not intake."
PSS-080,2023,"Soybeans (tofu, soy milk and other soy foods)",4.94,4.8,plant,DIE-07,VN-direct,High,"FAOSTAT Food Balances (2010-), element 674 (protein supply quantity, g per capita per day); share of total is our calculation. Supply available for consumption, not intake."
PSS-081,2023,"Pulses (beans, peas, other)",2.64,2.6,plant,DIE-07,VN-direct,High,"FAOSTAT Food Balances (2010-), element 674 (protein supply quantity, g per capita per day); share of total is our calculation. Supply available for consumption, not intake."
PSS-082,2023,Groundnuts,1.93,1.9,plant,DIE-07,VN-direct,High,"FAOSTAT Food Balances (2010-), element 674 (protein supply quantity, g per capita per day); share of total is our calculation. Supply available for consumption, not intake."
PSS-083,2023,Tree nuts,1.55,1.5,plant,DIE-07,VN-direct,High,"FAOSTAT Food Balances (2010-), element 674 (protein supply quantity, g per capita per day); share of total is our calculation. Supply available for consumption, not intake."
PSS-084,2023,"Other oilcrops (sesame, coconut and others)",0.15,0.1,plant,DIE-07,VN-direct,High,"FAOSTAT Food Balances (2010-), element 674 (protein supply quantity, g per capita per day); share of total is our calculation. Supply available for consumption, not intake."
PSS-085,2023,Vegetables,11.01,10.8,plant,DIE-07,VN-direct,High,"FAOSTAT Food Balances (2010-), element 674 (protein supply quantity, g per capita per day); share of total is our calculation. Supply available for consumption, not intake."
PSS-086,2023,Fruits,1.69,1.7,plant,DIE-07,VN-direct,High,"FAOSTAT Food Balances (2010-), element 674 (protein supply quantity, g per capita per day); share of total is our calculation. Supply available for consumption, not intake."
PSS-087,2023,Starchy roots,0.53,0.5,plant,DIE-07,VN-direct,High,"FAOSTAT Food Balances (2010-), element 674 (protein supply quantity, g per capita per day); share of total is our calculation. Supply available for consumption, not intake."
PSS-088,2023,"Other plant foods (sugar, spices, stimulants, drinks, aquatic plants)",1.5,1.5,plant,DIE-07,VN-direct,High,"FAOSTAT Food Balances (2010-), element 674 (protein supply quantity, g per capita per day); share of total is our calculation. Supply available for consumption, not intake. Residual: group total minus the named groups (our calculation)."
PSS-089,2023,Pigmeat,13.27,13.0,animal,DIE-07,VN-direct,High,"FAOSTAT Food Balances (2010-), element 674 (protein supply quantity, g per capita per day); share of total is our calculation. Supply available for consumption, not intake."
PSS-090,2023,Poultry meat,8.8,8.6,animal,DIE-07,VN-direct,High,"FAOSTAT Food Balances (2010-), element 674 (protein supply quantity, g per capita per day); share of total is our calculation. Supply available for consumption, not intake."
PSS-091,2023,Bovine meat (beef and buffalo),2.74,2.7,animal,DIE-07,VN-direct,High,"FAOSTAT Food Balances (2010-), element 674 (protein supply quantity, g per capita per day); share of total is our calculation. Supply available for consumption, not intake."
PSS-092,2023,"Mutton, goat and other meat",0.29,0.3,animal,DIE-07,VN-direct,High,"FAOSTAT Food Balances (2010-), element 674 (protein supply quantity, g per capita per day); share of total is our calculation. Supply available for consumption, not intake."
PSS-093,2023,Edible offal,2.93,2.9,animal,DIE-07,VN-direct,High,"FAOSTAT Food Balances (2010-), element 674 (protein supply quantity, g per capita per day); share of total is our calculation. Supply available for consumption, not intake."
PSS-094,2023,Eggs,1.24,1.2,animal,DIE-07,VN-direct,High,"FAOSTAT Food Balances (2010-), element 674 (protein supply quantity, g per capita per day); share of total is our calculation. Supply available for consumption, not intake. FAO egg supply is probably too low against NSO egg output (DG-174)."
PSS-095,2023,Milk and dairy (excluding butter),2.5,2.4,animal,DIE-07,VN-direct,High,"FAOSTAT Food Balances (2010-), element 674 (protein supply quantity, g per capita per day); share of total is our calculation. Supply available for consumption, not intake. The FAO milk series swings between years through residual and trade adjustments (DG-175)."
PSS-096,2023,Fish and seafood,11.13,10.9,animal,DIE-07,VN-direct,High,"FAOSTAT Food Balances (2010-), element 674 (protein supply quantity, g per capita per day); share of total is our calculation. Supply available for consumption, not intake."
PSS-097,2023,"Other animal products (animal fats, butter, honey, infant food)",0.33,0.3,animal,DIE-07,VN-direct,High,"FAOSTAT Food Balances (2010-), element 674 (protein supply quantity, g per capita per day); share of total is our calculation. Supply available for consumption, not intake. Residual: group total minus the named groups (our calculation)."
PSS-098,2023,All plant foods,58.97,57.7,plant total,DIE-07,VN-direct,High,"FAOSTAT Food Balances (2010-), element 674 (protein supply quantity, g per capita per day); share of total is our calculation. Supply available for consumption, not intake."
PSS-099,2023,All animal foods,43.23,42.3,animal total,DIE-07,VN-direct,High,"FAOSTAT Food Balances (2010-), element 674 (protein supply quantity, g per capita per day); share of total is our calculation. Supply available for consumption, not intake."
PSS-100,2023,All foods,102.2,100.0,total,DIE-07,VN-direct,High,"FAOSTAT Food Balances (2010-), element 674 (protein supply quantity, g per capita per day); share of total is our calculation. Supply available for consumption, not intake."
