record_id,year,food,production_kt,imports_kt,exports_kt,domestic_supply_kt,import_dependency_ratio,self_sufficiency_ratio,food_use_kt,feed_use_kt,source_ids,evidence_label,confidence,notes
SSF-001,2010,Rice,40006,2,11371,30141,0.0,139.7,21834,3396,DIE-07,VN-direct,High,"FAOSTAT Food Balances (2010-), elements 5511, 5611, 5911, 5301, 5142, 5521. Ratios are our calculation on the FAO definitions: import dependency ratio = imports / (production + imports minus exports) x 100; self-sufficiency ratio = production / (production + imports minus exports) x 100. Domestic supply also nets out stock change, so it can differ from the ratio base. Basis: paddy equivalent (FBS production equals paddy output). Part of the imports is processed and re-exported, so the import dependency ratio overstates imports eaten in Vietnam."
SSF-002,2010,Wheat,24,3372,54,3150,100.9,0.7,918,1925,DIE-07,VN-direct,High,"FAOSTAT Food Balances (2010-), elements 5511, 5611, 5911, 5301, 5142, 5521. Ratios are our calculation on the FAO definitions: import dependency ratio = imports / (production + imports minus exports) x 100; self-sufficiency ratio = production / (production + imports minus exports) x 100. Domestic supply also nets out stock change, so it can differ from the ratio base. Basis: grain equivalent. Ratio above 100% because flour and noodles are re-exported."
SSF-003,2010,Maize,4607,1659,0,6344,26.5,73.5,715,4992,DIE-07,VN-direct,High,"FAOSTAT Food Balances (2010-), elements 5511, 5611, 5911, 5301, 5142, 5521. Ratios are our calculation on the FAO definitions: import dependency ratio = imports / (production + imports minus exports) x 100; self-sufficiency ratio = production / (production + imports minus exports) x 100. Domestic supply also nets out stock change, so it can differ from the ratio base. Basis: grain equivalent."
SSF-004,2010,Soybeans,299,228,25,771,45.4,59.6,273,130,DIE-07,VN-direct,High,"FAOSTAT Food Balances (2010-), elements 5511, 5611, 5911, 5301, 5142, 5521. Ratios are our calculation on the FAO definitions: import dependency ratio = imports / (production + imports minus exports) x 100; self-sufficiency ratio = production / (production + imports minus exports) x 100. Domestic supply also nets out stock change, so it can differ from the ratio base. Basis: beans; excludes soybean meal, which FBS does not carry."
SSF-005,2010,Pulses,306,0,5,279,0.0,101.7,231,25,DIE-07,VN-direct,High,"FAOSTAT Food Balances (2010-), elements 5511, 5611, 5911, 5301, 5142, 5521. Ratios are our calculation on the FAO definitions: import dependency ratio = imports / (production + imports minus exports) x 100; self-sufficiency ratio = production / (production + imports minus exports) x 100. Domestic supply also nets out stock change, so it can differ from the ratio base. Basis: dry beans and peas."
SSF-006,2010,Groundnuts,487,1,32,399,0.2,106.8,248,0,DIE-07,VN-direct,High,"FAOSTAT Food Balances (2010-), elements 5511, 5611, 5911, 5301, 5142, 5521. Ratios are our calculation on the FAO definitions: import dependency ratio = imports / (production + imports minus exports) x 100; self-sufficiency ratio = production / (production + imports minus exports) x 100. Domestic supply also nets out stock change, so it can differ from the ratio base. Basis: shelled equivalent."
SSF-007,2010,Vegetables,8653,282,286,8669,3.3,100.0,7943,0,DIE-07,VN-direct,High,"FAOSTAT Food Balances (2010-), elements 5511, 5611, 5911, 5301, 5142, 5521. Ratios are our calculation on the FAO definitions: import dependency ratio = imports / (production + imports minus exports) x 100; self-sufficiency ratio = production / (production + imports minus exports) x 100. Domestic supply also nets out stock change, so it can differ from the ratio base. Basis: fresh weight."
SSF-008,2010,Pigmeat,2217,1,10,2208,0.0,100.4,2208,0,DIE-07,VN-direct,High,"FAOSTAT Food Balances (2010-), elements 5511, 5611, 5911, 5301, 5142, 5521. Ratios are our calculation on the FAO definitions: import dependency ratio = imports / (production + imports minus exports) x 100; self-sufficiency ratio = production / (production + imports minus exports) x 100. Domestic supply also nets out stock change, so it can differ from the ratio base. Basis: carcass weight."
SSF-009,2010,Poultry meat,531,507,0,1038,48.8,51.2,1038,0,DIE-07,VN-direct,High,"FAOSTAT Food Balances (2010-), elements 5511, 5611, 5911, 5301, 5142, 5521. Ratios are our calculation on the FAO definitions: import dependency ratio = imports / (production + imports minus exports) x 100; self-sufficiency ratio = production / (production + imports minus exports) x 100. Domestic supply also nets out stock change, so it can differ from the ratio base. Basis: carcass weight."
SSF-010,2010,Bovine meat (beef and buffalo),199,95,1,294,32.4,67.9,294,0,DIE-07,VN-direct,High,"FAOSTAT Food Balances (2010-), elements 5511, 5611, 5911, 5301, 5142, 5521. Ratios are our calculation on the FAO definitions: import dependency ratio = imports / (production + imports minus exports) x 100; self-sufficiency ratio = production / (production + imports minus exports) x 100. Domestic supply also nets out stock change, so it can differ from the ratio base. Basis: carcass weight; meat from imported live cattle counts as domestic production."
SSF-011,2010,Edible offal,414,0,0,414,0.0,100.0,377,0,DIE-07,VN-direct,High,"FAOSTAT Food Balances (2010-), elements 5511, 5611, 5911, 5301, 5142, 5521. Ratios are our calculation on the FAO definitions: import dependency ratio = imports / (production + imports minus exports) x 100; self-sufficiency ratio = production / (production + imports minus exports) x 100. Domestic supply also nets out stock change, so it can differ from the ratio base. Basis: product weight."
SSF-012,2010,All meat (excluding offal),2982,611,11,3582,17.1,83.2,3583,0,DIE-07,VN-direct,High,"FAOSTAT Food Balances (2010-), elements 5511, 5611, 5911, 5301, 5142, 5521. Ratios are our calculation on the FAO definitions: import dependency ratio = imports / (production + imports minus exports) x 100; self-sufficiency ratio = production / (production + imports minus exports) x 100. Domestic supply also nets out stock change, so it can differ from the ratio base. Basis: carcass weight."
SSF-013,2010,Eggs,321,0,2,319,0.0,100.6,269,0,DIE-07,VN-direct,Medium,"FAOSTAT Food Balances (2010-), elements 5511, 5611, 5911, 5301, 5142, 5521. Ratios are our calculation on the FAO definitions: import dependency ratio = imports / (production + imports minus exports) x 100; self-sufficiency ratio = production / (production + imports minus exports) x 100. Domestic supply also nets out stock change, so it can differ from the ratio base. Basis: shell weight. FAO egg production is far below NSO output (DG-174)."
SSF-014,2010,Milk and dairy (excluding butter),338,2028,29,2353,86.8,14.5,2716,108,DIE-07,VN-direct,High,"FAOSTAT Food Balances (2010-), elements 5511, 5611, 5911, 5301, 5142, 5521. Ratios are our calculation on the FAO definitions: import dependency ratio = imports / (production + imports minus exports) x 100; self-sufficiency ratio = production / (production + imports minus exports) x 100. Domestic supply also nets out stock change, so it can differ from the ratio base. Basis: fresh milk equivalent. Milk series unstable between years (DG-175)."
SSF-015,2010,Fish and seafood (all),4933,927,2209,3799,25.4,135.1,2958,841,DIE-07,VN-direct,High,"FAOSTAT Food Balances (2010-), elements 5511, 5611, 5911, 5301, 5142, 5521. Ratios are our calculation on the FAO definitions: import dependency ratio = imports / (production + imports minus exports) x 100; self-sufficiency ratio = production / (production + imports minus exports) x 100. Domestic supply also nets out stock change, so it can differ from the ratio base. Basis: live weight. Part of the imports is processed and re-exported, so the import dependency ratio overstates imports eaten in Vietnam."
SSF-016,2010,Freshwater fish,2316,12,916,1512,0.8,164.0,1512,0,DIE-07,VN-direct,High,"FAOSTAT Food Balances (2010-), elements 5511, 5611, 5911, 5301, 5142, 5521. Ratios are our calculation on the FAO definitions: import dependency ratio = imports / (production + imports minus exports) x 100; self-sufficiency ratio = production / (production + imports minus exports) x 100. Domestic supply also nets out stock change, so it can differ from the ratio base. Basis: live weight."
SSF-017,2010,"Marine fish (pelagic, demersal, other)",1741,894,644,2036,44.9,87.4,1195,841,DIE-07,VN-direct,High,"FAOSTAT Food Balances (2010-), elements 5511, 5611, 5911, 5301, 5142, 5521. Ratios are our calculation on the FAO definitions: import dependency ratio = imports / (production + imports minus exports) x 100; self-sufficiency ratio = production / (production + imports minus exports) x 100. Domestic supply also nets out stock change, so it can differ from the ratio base. Basis: live weight. Part of the imports is processed and re-exported, so the import dependency ratio overstates imports eaten in Vietnam."
SSF-018,2010,Crustaceans,503,13,432,83,15.5,598.8,83,0,DIE-07,VN-direct,High,"FAOSTAT Food Balances (2010-), elements 5511, 5611, 5911, 5301, 5142, 5521. Ratios are our calculation on the FAO definitions: import dependency ratio = imports / (production + imports minus exports) x 100; self-sufficiency ratio = production / (production + imports minus exports) x 100. Domestic supply also nets out stock change, so it can differ from the ratio base. Basis: live weight."
SSF-019,2010,Cephalopods and molluscs,369,9,218,164,5.6,230.6,164,0,DIE-07,VN-direct,High,"FAOSTAT Food Balances (2010-), elements 5511, 5611, 5911, 5301, 5142, 5521. Ratios are our calculation on the FAO definitions: import dependency ratio = imports / (production + imports minus exports) x 100; self-sufficiency ratio = production / (production + imports minus exports) x 100. Domestic supply also nets out stock change, so it can differ from the ratio base. Basis: live weight."
SSF-020,2015,Rice,45091,55,10448,34667,0.2,130.0,22931,6137,DIE-07,VN-direct,High,"FAOSTAT Food Balances (2010-), elements 5511, 5611, 5911, 5301, 5142, 5521. Ratios are our calculation on the FAO definitions: import dependency ratio = imports / (production + imports minus exports) x 100; self-sufficiency ratio = production / (production + imports minus exports) x 100. Domestic supply also nets out stock change, so it can differ from the ratio base. Basis: paddy equivalent (FBS production equals paddy output). Part of the imports is processed and re-exported, so the import dependency ratio overstates imports eaten in Vietnam."
SSF-021,2015,Wheat,53,3921,393,3240,109.5,1.5,1126,1857,DIE-07,VN-direct,High,"FAOSTAT Food Balances (2010-), elements 5511, 5611, 5911, 5301, 5142, 5521. Ratios are our calculation on the FAO definitions: import dependency ratio = imports / (production + imports minus exports) x 100; self-sufficiency ratio = production / (production + imports minus exports) x 100. Domestic supply also nets out stock change, so it can differ from the ratio base. Basis: grain equivalent. Ratio above 100% because flour and noodles are re-exported."
SSF-022,2015,Maize,5287,8128,51,13053,60.8,39.6,1471,10470,DIE-07,VN-direct,High,"FAOSTAT Food Balances (2010-), elements 5511, 5611, 5911, 5301, 5142, 5521. Ratios are our calculation on the FAO definitions: import dependency ratio = imports / (production + imports minus exports) x 100; self-sufficiency ratio = production / (production + imports minus exports) x 100. Domestic supply also nets out stock change, so it can differ from the ratio base. Basis: grain equivalent."
SSF-023,2015,Soybeans,146,1708,2,1650,92.2,7.9,332,82,DIE-07,VN-direct,High,"FAOSTAT Food Balances (2010-), elements 5511, 5611, 5911, 5301, 5142, 5521. Ratios are our calculation on the FAO definitions: import dependency ratio = imports / (production + imports minus exports) x 100; self-sufficiency ratio = production / (production + imports minus exports) x 100. Domestic supply also nets out stock change, so it can differ from the ratio base. Basis: beans; excludes soybean meal, which FBS does not carry."
SSF-024,2015,Pulses,313,33,17,331,10.0,95.1,275,36,DIE-07,VN-direct,High,"FAOSTAT Food Balances (2010-), elements 5511, 5611, 5911, 5301, 5142, 5521. Ratios are our calculation on the FAO definitions: import dependency ratio = imports / (production + imports minus exports) x 100; self-sufficiency ratio = production / (production + imports minus exports) x 100. Domestic supply also nets out stock change, so it can differ from the ratio base. Basis: dry beans and peas."
SSF-025,2015,Groundnuts,454,1,8,405,0.2,101.6,243,0,DIE-07,VN-direct,High,"FAOSTAT Food Balances (2010-), elements 5511, 5611, 5911, 5301, 5142, 5521. Ratios are our calculation on the FAO definitions: import dependency ratio = imports / (production + imports minus exports) x 100; self-sufficiency ratio = production / (production + imports minus exports) x 100. Domestic supply also nets out stock change, so it can differ from the ratio base. Basis: shelled equivalent."
SSF-026,2015,Vegetables,15695,112,205,15601,0.7,100.6,14317,0,DIE-07,VN-direct,High,"FAOSTAT Food Balances (2010-), elements 5511, 5611, 5911, 5301, 5142, 5521. Ratios are our calculation on the FAO definitions: import dependency ratio = imports / (production + imports minus exports) x 100; self-sufficiency ratio = production / (production + imports minus exports) x 100. Domestic supply also nets out stock change, so it can differ from the ratio base. Basis: fresh weight."
SSF-027,2015,Pigmeat,2548,11,13,2546,0.4,100.1,2546,0,DIE-07,VN-direct,High,"FAOSTAT Food Balances (2010-), elements 5511, 5611, 5911, 5301, 5142, 5521. Ratios are our calculation on the FAO definitions: import dependency ratio = imports / (production + imports minus exports) x 100; self-sufficiency ratio = production / (production + imports minus exports) x 100. Domestic supply also nets out stock change, so it can differ from the ratio base. Basis: carcass weight."
SSF-028,2015,Poultry meat,791,77,8,860,9.0,92.0,860,0,DIE-07,VN-direct,High,"FAOSTAT Food Balances (2010-), elements 5511, 5611, 5911, 5301, 5142, 5521. Ratios are our calculation on the FAO definitions: import dependency ratio = imports / (production + imports minus exports) x 100; self-sufficiency ratio = production / (production + imports minus exports) x 100. Domestic supply also nets out stock change, so it can differ from the ratio base. Basis: carcass weight."
SSF-029,2015,Bovine meat (beef and buffalo),212,38,2,248,15.3,85.5,250,0,DIE-07,VN-direct,High,"FAOSTAT Food Balances (2010-), elements 5511, 5611, 5911, 5301, 5142, 5521. Ratios are our calculation on the FAO definitions: import dependency ratio = imports / (production + imports minus exports) x 100; self-sufficiency ratio = production / (production + imports minus exports) x 100. Domestic supply also nets out stock change, so it can differ from the ratio base. Basis: carcass weight; meat from imported live cattle counts as domestic production."
SSF-030,2015,Edible offal,469,17,0,486,3.5,96.5,444,0,DIE-07,VN-direct,High,"FAOSTAT Food Balances (2010-), elements 5511, 5611, 5911, 5301, 5142, 5521. Ratios are our calculation on the FAO definitions: import dependency ratio = imports / (production + imports minus exports) x 100; self-sufficiency ratio = production / (production + imports minus exports) x 100. Domestic supply also nets out stock change, so it can differ from the ratio base. Basis: product weight."
SSF-031,2015,All meat (excluding offal),3591,129,25,3695,3.5,97.2,3698,0,DIE-07,VN-direct,High,"FAOSTAT Food Balances (2010-), elements 5511, 5611, 5911, 5301, 5142, 5521. Ratios are our calculation on the FAO definitions: import dependency ratio = imports / (production + imports minus exports) x 100; self-sufficiency ratio = production / (production + imports minus exports) x 100. Domestic supply also nets out stock change, so it can differ from the ratio base. Basis: carcass weight."
SSF-032,2015,Eggs,444,3,2,444,0.7,99.8,376,0,DIE-07,VN-direct,Medium,"FAOSTAT Food Balances (2010-), elements 5511, 5611, 5911, 5301, 5142, 5521. Ratios are our calculation on the FAO definitions: import dependency ratio = imports / (production + imports minus exports) x 100; self-sufficiency ratio = production / (production + imports minus exports) x 100. Domestic supply also nets out stock change, so it can differ from the ratio base. Basis: shell weight. FAO egg production is far below NSO output (DG-174)."
SSF-033,2015,Milk and dairy (excluding butter),751,2682,178,2979,82.4,23.1,4150,208,DIE-07,VN-direct,High,"FAOSTAT Food Balances (2010-), elements 5511, 5611, 5911, 5301, 5142, 5521. Ratios are our calculation on the FAO definitions: import dependency ratio = imports / (production + imports minus exports) x 100; self-sufficiency ratio = production / (production + imports minus exports) x 100. Domestic supply also nets out stock change, so it can differ from the ratio base. Basis: fresh milk equivalent. Milk series unstable between years (DG-175)."
SSF-034,2015,Fish and seafood (all),6323,971,3337,3956,24.5,159.8,3320,636,DIE-07,VN-direct,High,"FAOSTAT Food Balances (2010-), elements 5511, 5611, 5911, 5301, 5142, 5521. Ratios are our calculation on the FAO definitions: import dependency ratio = imports / (production + imports minus exports) x 100; self-sufficiency ratio = production / (production + imports minus exports) x 100. Domestic supply also nets out stock change, so it can differ from the ratio base. Basis: live weight. Part of the imports is processed and re-exported, so the import dependency ratio overstates imports eaten in Vietnam."
SSF-035,2015,Freshwater fish,2659,42,1370,1330,3.2,199.8,1330,0,DIE-07,VN-direct,High,"FAOSTAT Food Balances (2010-), elements 5511, 5611, 5911, 5301, 5142, 5521. Ratios are our calculation on the FAO definitions: import dependency ratio = imports / (production + imports minus exports) x 100; self-sufficiency ratio = production / (production + imports minus exports) x 100. Domestic supply also nets out stock change, so it can differ from the ratio base. Basis: live weight."
SSF-036,2015,"Marine fish (pelagic, demersal, other)",2161,840,1250,1753,48.0,123.4,1117,636,DIE-07,VN-direct,High,"FAOSTAT Food Balances (2010-), elements 5511, 5611, 5911, 5301, 5142, 5521. Ratios are our calculation on the FAO definitions: import dependency ratio = imports / (production + imports minus exports) x 100; self-sufficiency ratio = production / (production + imports minus exports) x 100. Domestic supply also nets out stock change, so it can differ from the ratio base. Basis: live weight. Part of the imports is processed and re-exported, so the import dependency ratio overstates imports eaten in Vietnam."
SSF-037,2015,Crustaceans,872,75,534,413,18.2,211.1,413,0,DIE-07,VN-direct,High,"FAOSTAT Food Balances (2010-), elements 5511, 5611, 5911, 5301, 5142, 5521. Ratios are our calculation on the FAO definitions: import dependency ratio = imports / (production + imports minus exports) x 100; self-sufficiency ratio = production / (production + imports minus exports) x 100. Domestic supply also nets out stock change, so it can differ from the ratio base. Basis: live weight."
SSF-038,2015,Cephalopods and molluscs,626,13,183,455,2.9,137.3,455,0,DIE-07,VN-direct,High,"FAOSTAT Food Balances (2010-), elements 5511, 5611, 5911, 5301, 5142, 5521. Ratios are our calculation on the FAO definitions: import dependency ratio = imports / (production + imports minus exports) x 100; self-sufficiency ratio = production / (production + imports minus exports) x 100. Domestic supply also nets out stock change, so it can differ from the ratio base. Basis: live weight."
SSF-039,2020,Rice,42765,181,9010,33599,0.5,126.0,23034,4458,DIE-07,VN-direct,High,"FAOSTAT Food Balances (2010-), elements 5511, 5611, 5911, 5301, 5142, 5521. Ratios are our calculation on the FAO definitions: import dependency ratio = imports / (production + imports minus exports) x 100; self-sufficiency ratio = production / (production + imports minus exports) x 100. Domestic supply also nets out stock change, so it can differ from the ratio base. Basis: paddy equivalent (FBS production equals paddy output). Part of the imports is processed and re-exported, so the import dependency ratio overstates imports eaten in Vietnam."
SSF-040,2020,Wheat,122,5403,508,5244,107.7,2.4,1639,3246,DIE-07,VN-direct,High,"FAOSTAT Food Balances (2010-), elements 5511, 5611, 5911, 5301, 5142, 5521. Ratios are our calculation on the FAO definitions: import dependency ratio = imports / (production + imports minus exports) x 100; self-sufficiency ratio = production / (production + imports minus exports) x 100. Domestic supply also nets out stock change, so it can differ from the ratio base. Basis: grain equivalent. Ratio above 100% because flour and noodles are re-exported."
SSF-041,2020,Maize,4558,12568,362,16356,75.0,27.2,1834,13074,DIE-07,VN-direct,High,"FAOSTAT Food Balances (2010-), elements 5511, 5611, 5911, 5301, 5142, 5521. Ratios are our calculation on the FAO definitions: import dependency ratio = imports / (production + imports minus exports) x 100; self-sufficiency ratio = production / (production + imports minus exports) x 100. Domestic supply also nets out stock change, so it can differ from the ratio base. Basis: grain equivalent."
SSF-042,2020,Soybeans,65,1872,2,1851,96.7,3.4,476,174,DIE-07,VN-direct,High,"FAOSTAT Food Balances (2010-), elements 5511, 5611, 5911, 5301, 5142, 5521. Ratios are our calculation on the FAO definitions: import dependency ratio = imports / (production + imports minus exports) x 100; self-sufficiency ratio = production / (production + imports minus exports) x 100. Domestic supply also nets out stock change, so it can differ from the ratio base. Basis: beans; excludes soybean meal, which FBS does not carry."
SSF-043,2020,Pulses,299,86,11,366,23.0,79.9,309,34,DIE-07,VN-direct,High,"FAOSTAT Food Balances (2010-), elements 5511, 5611, 5911, 5301, 5142, 5521. Ratios are our calculation on the FAO definitions: import dependency ratio = imports / (production + imports minus exports) x 100; self-sufficiency ratio = production / (production + imports minus exports) x 100. Domestic supply also nets out stock change, so it can differ from the ratio base. Basis: dry beans and peas."
SSF-044,2020,Groundnuts,425,137,99,459,29.6,91.8,260,0,DIE-07,VN-direct,High,"FAOSTAT Food Balances (2010-), elements 5511, 5611, 5911, 5301, 5142, 5521. Ratios are our calculation on the FAO definitions: import dependency ratio = imports / (production + imports minus exports) x 100; self-sufficiency ratio = production / (production + imports minus exports) x 100. Domestic supply also nets out stock change, so it can differ from the ratio base. Basis: shelled equivalent."
SSF-045,2020,Vegetables,18479,231,491,18220,1.3,101.4,16715,0,DIE-07,VN-direct,High,"FAOSTAT Food Balances (2010-), elements 5511, 5611, 5911, 5301, 5142, 5521. Ratios are our calculation on the FAO definitions: import dependency ratio = imports / (production + imports minus exports) x 100; self-sufficiency ratio = production / (production + imports minus exports) x 100. Domestic supply also nets out stock change, so it can differ from the ratio base. Basis: fresh weight."
SSF-046,2020,Pigmeat,2467,174,7,2634,6.6,93.7,2634,0,DIE-07,VN-direct,High,"FAOSTAT Food Balances (2010-), elements 5511, 5611, 5911, 5301, 5142, 5521. Ratios are our calculation on the FAO definitions: import dependency ratio = imports / (production + imports minus exports) x 100; self-sufficiency ratio = production / (production + imports minus exports) x 100. Domestic supply also nets out stock change, so it can differ from the ratio base. Basis: carcass weight."
SSF-047,2020,Poultry meat,1319,290,23,1586,18.3,83.2,1586,0,DIE-07,VN-direct,High,"FAOSTAT Food Balances (2010-), elements 5511, 5611, 5911, 5301, 5142, 5521. Ratios are our calculation on the FAO definitions: import dependency ratio = imports / (production + imports minus exports) x 100; self-sufficiency ratio = production / (production + imports minus exports) x 100. Domestic supply also nets out stock change, so it can differ from the ratio base. Basis: carcass weight."
SSF-048,2020,Bovine meat (beef and buffalo),259,127,6,380,33.4,68.2,385,0,DIE-07,VN-direct,High,"FAOSTAT Food Balances (2010-), elements 5511, 5611, 5911, 5301, 5142, 5521. Ratios are our calculation on the FAO definitions: import dependency ratio = imports / (production + imports minus exports) x 100; self-sufficiency ratio = production / (production + imports minus exports) x 100. Domestic supply also nets out stock change, so it can differ from the ratio base. Basis: carcass weight; meat from imported live cattle counts as domestic production."
SSF-049,2020,Edible offal,337,95,2,430,22.1,78.4,381,0,DIE-07,VN-direct,High,"FAOSTAT Food Balances (2010-), elements 5511, 5611, 5911, 5301, 5142, 5521. Ratios are our calculation on the FAO definitions: import dependency ratio = imports / (production + imports minus exports) x 100; self-sufficiency ratio = production / (production + imports minus exports) x 100. Domestic supply also nets out stock change, so it can differ from the ratio base. Basis: product weight."
SSF-050,2020,All meat (excluding offal),4094,594,38,4650,12.8,88.0,4657,0,DIE-07,VN-direct,High,"FAOSTAT Food Balances (2010-), elements 5511, 5611, 5911, 5301, 5142, 5521. Ratios are our calculation on the FAO definitions: import dependency ratio = imports / (production + imports minus exports) x 100; self-sufficiency ratio = production / (production + imports minus exports) x 100. Domestic supply also nets out stock change, so it can differ from the ratio base. Basis: carcass weight."
SSF-051,2020,Eggs,474,5,3,476,1.1,99.6,402,0,DIE-07,VN-direct,Medium,"FAOSTAT Food Balances (2010-), elements 5511, 5611, 5911, 5301, 5142, 5521. Ratios are our calculation on the FAO definitions: import dependency ratio = imports / (production + imports minus exports) x 100; self-sufficiency ratio = production / (production + imports minus exports) x 100. Domestic supply also nets out stock change, so it can differ from the ratio base. Basis: shell weight. FAO egg production is far below NSO output (DG-174)."
SSF-052,2020,Milk and dairy (excluding butter),1076,3498,293,4003,81.7,25.1,4732,240,DIE-07,VN-direct,High,"FAOSTAT Food Balances (2010-), elements 5511, 5611, 5911, 5301, 5142, 5521. Ratios are our calculation on the FAO definitions: import dependency ratio = imports / (production + imports minus exports) x 100; self-sufficiency ratio = production / (production + imports minus exports) x 100. Domestic supply also nets out stock change, so it can differ from the ratio base. Basis: fresh milk equivalent. Milk series unstable between years (DG-175)."
SSF-053,2020,Fish and seafood (all),8174,1281,3056,6399,20.0,127.7,4021,2378,DIE-07,VN-direct,High,"FAOSTAT Food Balances (2010-), elements 5511, 5611, 5911, 5301, 5142, 5521. Ratios are our calculation on the FAO definitions: import dependency ratio = imports / (production + imports minus exports) x 100; self-sufficiency ratio = production / (production + imports minus exports) x 100. Domestic supply also nets out stock change, so it can differ from the ratio base. Basis: live weight. Part of the imports is processed and re-exported, so the import dependency ratio overstates imports eaten in Vietnam."
SSF-054,2020,Freshwater fish,3413,65,1003,2474,2.6,137.9,1724,750,DIE-07,VN-direct,High,"FAOSTAT Food Balances (2010-), elements 5511, 5611, 5911, 5301, 5142, 5521. Ratios are our calculation on the FAO definitions: import dependency ratio = imports / (production + imports minus exports) x 100; self-sufficiency ratio = production / (production + imports minus exports) x 100. Domestic supply also nets out stock change, so it can differ from the ratio base. Basis: live weight."
SSF-055,2020,"Marine fish (pelagic, demersal, other)",2778,1115,1273,2620,42.6,106.0,1112,1508,DIE-07,VN-direct,High,"FAOSTAT Food Balances (2010-), elements 5511, 5611, 5911, 5301, 5142, 5521. Ratios are our calculation on the FAO definitions: import dependency ratio = imports / (production + imports minus exports) x 100; self-sufficiency ratio = production / (production + imports minus exports) x 100. Domestic supply also nets out stock change, so it can differ from the ratio base. Basis: live weight. Part of the imports is processed and re-exported, so the import dependency ratio overstates imports eaten in Vietnam."
SSF-056,2020,Crustaceans,1225,55,577,703,7.8,174.3,583,120,DIE-07,VN-direct,High,"FAOSTAT Food Balances (2010-), elements 5511, 5611, 5911, 5301, 5142, 5521. Ratios are our calculation on the FAO definitions: import dependency ratio = imports / (production + imports minus exports) x 100; self-sufficiency ratio = production / (production + imports minus exports) x 100. Domestic supply also nets out stock change, so it can differ from the ratio base. Basis: live weight."
SSF-057,2020,Cephalopods and molluscs,745,46,198,591,7.8,125.6,591,0,DIE-07,VN-direct,High,"FAOSTAT Food Balances (2010-), elements 5511, 5611, 5911, 5301, 5142, 5521. Ratios are our calculation on the FAO definitions: import dependency ratio = imports / (production + imports minus exports) x 100; self-sufficiency ratio = production / (production + imports minus exports) x 100. Domestic supply also nets out stock change, so it can differ from the ratio base. Basis: live weight."
SSF-058,2023,Rice,43498,1369,10897,32063,4.0,128.0,22068,4338,DIE-07,VN-direct,High,"FAOSTAT Food Balances (2010-), elements 5511, 5611, 5911, 5301, 5142, 5521. Ratios are our calculation on the FAO definitions: import dependency ratio = imports / (production + imports minus exports) x 100; self-sufficiency ratio = production / (production + imports minus exports) x 100. Domestic supply also nets out stock change, so it can differ from the ratio base. Basis: paddy equivalent (FBS production equals paddy output). Part of the imports is processed and re-exported, so the import dependency ratio overstates imports eaten in Vietnam."
SSF-059,2023,Wheat,93,6227,472,5417,106.5,1.6,1542,3505,DIE-07,VN-direct,High,"FAOSTAT Food Balances (2010-), elements 5511, 5611, 5911, 5301, 5142, 5521. Ratios are our calculation on the FAO definitions: import dependency ratio = imports / (production + imports minus exports) x 100; self-sufficiency ratio = production / (production + imports minus exports) x 100. Domestic supply also nets out stock change, so it can differ from the ratio base. Basis: grain equivalent. Ratio above 100% because flour and noodles are re-exported."
SSF-060,2023,Maize,4437,12372,230,16579,74.6,26.8,1617,13692,DIE-07,VN-direct,High,"FAOSTAT Food Balances (2010-), elements 5511, 5611, 5911, 5301, 5142, 5521. Ratios are our calculation on the FAO definitions: import dependency ratio = imports / (production + imports minus exports) x 100; self-sufficiency ratio = production / (production + imports minus exports) x 100. Domestic supply also nets out stock change, so it can differ from the ratio base. Basis: grain equivalent."
SSF-061,2023,Soybeans,48,1835,1,1911,97.5,2.6,533,167,DIE-07,VN-direct,High,"FAOSTAT Food Balances (2010-), elements 5511, 5611, 5911, 5301, 5142, 5521. Ratios are our calculation on the FAO definitions: import dependency ratio = imports / (production + imports minus exports) x 100; self-sufficiency ratio = production / (production + imports minus exports) x 100. Domestic supply also nets out stock change, so it can differ from the ratio base. Basis: beans; excludes soybean meal, which FBS does not carry."
SSF-062,2023,Pulses,286,216,11,489,44.0,58.2,420,44,DIE-07,VN-direct,High,"FAOSTAT Food Balances (2010-), elements 5511, 5611, 5911, 5301, 5142, 5521. Ratios are our calculation on the FAO definitions: import dependency ratio = imports / (production + imports minus exports) x 100; self-sufficiency ratio = production / (production + imports minus exports) x 100. Domestic supply also nets out stock change, so it can differ from the ratio base. Basis: dry beans and peas."
SSF-063,2023,Groundnuts,400,344,7,702,46.7,54.3,381,0,DIE-07,VN-direct,High,"FAOSTAT Food Balances (2010-), elements 5511, 5611, 5911, 5301, 5142, 5521. Ratios are our calculation on the FAO definitions: import dependency ratio = imports / (production + imports minus exports) x 100; self-sufficiency ratio = production / (production + imports minus exports) x 100. Domestic supply also nets out stock change, so it can differ from the ratio base. Basis: shelled equivalent."
SSF-064,2023,Vegetables,19580,1763,413,20856,8.4,93.5,19199,10,DIE-07,VN-direct,High,"FAOSTAT Food Balances (2010-), elements 5511, 5611, 5911, 5301, 5142, 5521. Ratios are our calculation on the FAO definitions: import dependency ratio = imports / (production + imports minus exports) x 100; self-sufficiency ratio = production / (production + imports minus exports) x 100. Domestic supply also nets out stock change, so it can differ from the ratio base. Basis: fresh weight."
SSF-065,2023,Pigmeat,3549,111,11,3449,3.0,97.3,3449,0,DIE-07,VN-direct,High,"FAOSTAT Food Balances (2010-), elements 5511, 5611, 5911, 5301, 5142, 5521. Ratios are our calculation on the FAO definitions: import dependency ratio = imports / (production + imports minus exports) x 100; self-sufficiency ratio = production / (production + imports minus exports) x 100. Domestic supply also nets out stock change, so it can differ from the ratio base. Basis: carcass weight."
SSF-066,2023,Poultry meat,1740,243,10,1972,12.3,88.2,1972,0,DIE-07,VN-direct,High,"FAOSTAT Food Balances (2010-), elements 5511, 5611, 5911, 5301, 5142, 5521. Ratios are our calculation on the FAO definitions: import dependency ratio = imports / (production + imports minus exports) x 100; self-sufficiency ratio = production / (production + imports minus exports) x 100. Domestic supply also nets out stock change, so it can differ from the ratio base. Basis: carcass weight."
SSF-067,2023,Bovine meat (beef and buffalo),337,266,2,595,44.3,56.1,595,0,DIE-07,VN-direct,High,"FAOSTAT Food Balances (2010-), elements 5511, 5611, 5911, 5301, 5142, 5521. Ratios are our calculation on the FAO definitions: import dependency ratio = imports / (production + imports minus exports) x 100; self-sufficiency ratio = production / (production + imports minus exports) x 100. Domestic supply also nets out stock change, so it can differ from the ratio base. Basis: carcass weight; meat from imported live cattle counts as domestic production."
SSF-068,2023,Edible offal,471,307,1,777,39.5,60.6,700,0,DIE-07,VN-direct,High,"FAOSTAT Food Balances (2010-), elements 5511, 5611, 5911, 5301, 5142, 5521. Ratios are our calculation on the FAO definitions: import dependency ratio = imports / (production + imports minus exports) x 100; self-sufficiency ratio = production / (production + imports minus exports) x 100. Domestic supply also nets out stock change, so it can differ from the ratio base. Basis: product weight."
SSF-069,2023,All meat (excluding offal),5676,625,26,6069,10.0,90.5,6070,0,DIE-07,VN-direct,High,"FAOSTAT Food Balances (2010-), elements 5511, 5611, 5911, 5301, 5142, 5521. Ratios are our calculation on the FAO definitions: import dependency ratio = imports / (production + imports minus exports) x 100; self-sufficiency ratio = production / (production + imports minus exports) x 100. Domestic supply also nets out stock change, so it can differ from the ratio base. Basis: carcass weight."
SSF-070,2023,Eggs,472,5,6,471,1.1,100.2,397,0,DIE-07,VN-direct,Medium,"FAOSTAT Food Balances (2010-), elements 5511, 5611, 5911, 5301, 5142, 5521. Ratios are our calculation on the FAO definitions: import dependency ratio = imports / (production + imports minus exports) x 100; self-sufficiency ratio = production / (production + imports minus exports) x 100. Domestic supply also nets out stock change, so it can differ from the ratio base. Basis: shell weight. FAO egg production is far below NSO output (DG-174)."
SSF-071,2023,Milk and dairy (excluding butter),1247,2955,74,4022,71.6,30.2,3751,205,DIE-07,VN-direct,High,"FAOSTAT Food Balances (2010-), elements 5511, 5611, 5911, 5301, 5142, 5521. Ratios are our calculation on the FAO definitions: import dependency ratio = imports / (production + imports minus exports) x 100; self-sufficiency ratio = production / (production + imports minus exports) x 100. Domestic supply also nets out stock change, so it can differ from the ratio base. Basis: fresh milk equivalent. Milk series unstable between years (DG-175)."
SSF-072,2023,Fish and seafood (all),8276,1113,3507,5882,18.9,140.7,4020,1862,DIE-07,VN-direct,High,"FAOSTAT Food Balances (2010-), elements 5511, 5611, 5911, 5301, 5142, 5521. Ratios are our calculation on the FAO definitions: import dependency ratio = imports / (production + imports minus exports) x 100; self-sufficiency ratio = production / (production + imports minus exports) x 100. Domestic supply also nets out stock change, so it can differ from the ratio base. Basis: live weight. Part of the imports is processed and re-exported, so the import dependency ratio overstates imports eaten in Vietnam."
SSF-073,2023,Freshwater fish,3414,56,1133,2337,2.4,146.1,1637,700,DIE-07,VN-direct,High,"FAOSTAT Food Balances (2010-), elements 5511, 5611, 5911, 5301, 5142, 5521. Ratios are our calculation on the FAO definitions: import dependency ratio = imports / (production + imports minus exports) x 100; self-sufficiency ratio = production / (production + imports minus exports) x 100. Domestic supply also nets out stock change, so it can differ from the ratio base. Basis: live weight."
SSF-074,2023,"Marine fish (pelagic, demersal, other)",2804,932,1467,2269,41.1,123.6,1216,1052,DIE-07,VN-direct,High,"FAOSTAT Food Balances (2010-), elements 5511, 5611, 5911, 5301, 5142, 5521. Ratios are our calculation on the FAO definitions: import dependency ratio = imports / (production + imports minus exports) x 100; self-sufficiency ratio = production / (production + imports minus exports) x 100. Domestic supply also nets out stock change, so it can differ from the ratio base. Basis: live weight. Part of the imports is processed and re-exported, so the import dependency ratio overstates imports eaten in Vietnam."
SSF-075,2023,Crustaceans,1279,67,611,735,9.1,174.0,625,110,DIE-07,VN-direct,High,"FAOSTAT Food Balances (2010-), elements 5511, 5611, 5911, 5301, 5142, 5521. Ratios are our calculation on the FAO definitions: import dependency ratio = imports / (production + imports minus exports) x 100; self-sufficiency ratio = production / (production + imports minus exports) x 100. Domestic supply also nets out stock change, so it can differ from the ratio base. Basis: live weight."
SSF-076,2023,Cephalopods and molluscs,765,59,294,529,11.1,144.3,529,0,DIE-07,VN-direct,High,"FAOSTAT Food Balances (2010-), elements 5511, 5611, 5911, 5301, 5142, 5521. Ratios are our calculation on the FAO definitions: import dependency ratio = imports / (production + imports minus exports) x 100; self-sufficiency ratio = production / (production + imports minus exports) x 100. Domestic supply also nets out stock change, so it can differ from the ratio base. Basis: live weight."
