record_id,hs_code,description,mfn_rate_2026,atiga_rate,acfta_rate,legal_basis,source_ids,evidence_label,confidence,notes
TAR-001,1201 (1201.90),"Soybeans, whether or not broken (other than seed)",0% (WITS 2023 applied MFN; no later change found),not verified (likely 0%),not verified (likely 0%),Decree 26/2023/ND-CP Appendix II as amended (Decree 144/2024; 73/2025; 108/2025; 72/2026),REG2-22; REG2-23,VN-direct,Medium,WITS TRAINS 2023: 1 national line at 0%. Decree 73/2025 did not change chapter 12. 2026 rate assumed unchanged; confirm on customs.gov.vn tariff lookup
TAR-002,2304 (2304.00.21),Oil-cake of soybean: defatted soy flour fit for human consumption,2% (after Decree 73/2025); VNTR shows 0% (mixed nomenclature); treat as 0 to 2%,0% (ATIGA final rate),0% (2025 to 2027; also 0% under AKFTA and RCEP),Decree 26/2023 as amended by Decree 73/2025/ND-CP (31 Mar 2025); ACFTA schedule Decree 118/2022/ND-CP (2022 to 2027); VNTR FTA schedules,REG2-21; FTR-32; FTR-33,VN-direct,Medium,"Extract says this line was kept at 2%; relevant to soy protein food ingredients. Version 0.4: the usual extrusion input; Chinese, ASEAN and Korean defatted soy flour enters at 0% with a certificate of origin (FTR-32)."
TAR-003,2304 (2304.00.29; 2304.00.90),Soybean meal (other defatted flour; other oil-cake),0% (from 31 Mar 2025; previously about 1-2%),0% (ATIGA final rate),0% (2025 to 2027; also 0% under AKFTA and RCEP),Decree 73/2025/ND-CP amending Decree 26/2023; ACFTA schedule Decree 118/2022/ND-CP (2022 to 2027); VNTR FTA schedules,REG2-21; FTR-32; FTR-33,VN-direct,Medium,"Cut to 0% in the March 2025 package of MFN reductions; feed-grade soybean meal therefore enters duty-free from all origins. Version 0.4: ACFTA, ATIGA, AKFTA and RCEP rates also 0% (FTR-32)."
TAR-004,1005 (1005.90.99),"Maize (corn), other (feed grade)",0% (from 31 Mar 2025; previously 2%),not verified (likely 0%),not verified (likely 0%),Decree 73/2025/ND-CP amending Decree 26/2023,REG2-21,VN-direct,Medium,Other 1005.90 lines (e.g. popcorn) not checked
TAR-005,2301 (2301.10; 2301.20),"Flours, meals and pellets of meat or offal (2301.10); of fish, crustaceans or molluscs (2301.20)",0% (WITS 2023 for 2301.20; 3 national lines all 0%),not verified,not verified,Decree 26/2023 Appendix II,REG2-23,VN-direct,Medium,Fishmeal imports duty-free MFN; 2301.10 not checked separately
TAR-006,1109 (1109.00.00),"Wheat gluten, whether or not dried",10% (WITS 2023),0% (ATIGA final rate),0% (2025 to 2027; also 0% under AKFTA and RCEP),Decree 26/2023 Appendix II; ACFTA schedule Decree 118/2022/ND-CP (2022 to 2027); VNTR FTA schedules,REG2-23; FTR-32; FTR-33,VN-direct,Medium,"Relevant to seitan and textured wheat protein; not changed by Decree 73/2025. Version 0.4: China supplies most imported gluten and pays 0% under ACFTA and RCEP, not 10%; the 10% MFN applies only to non-FTA origins (FTR-32)."
TAR-007,2106.10,Protein concentrates and textured protein substances,5% (WITS 2023),0% (ATIGA final rate),0% (2025 to 2027; also 0% under AKFTA and RCEP),Decree 26/2023 Appendix II; ACFTA schedule Decree 118/2022/ND-CP (2022 to 2027); VNTR FTA schedules,REG2-20; REG2-23; FTR-32; FTR-33,VN-direct,Medium,"Main line for imported textured vegetable protein and protein isolates classified in chapter 21. Version 0.4: Chinese, ASEAN and Korean product with a Form E or RCEP certificate of origin pays 0%; the 5% MFN applies to non-FTA origins, chiefly the United States. A domestic textured-protein maker has no tariff shelter against Chinese product (FTR-32)."
TAR-008,3504 (3504.00.00),Peptones and their derivatives; other protein substances and derivatives; hide powder,3% (WITS 2023),0% (ATIGA final rate),0% (2025 to 2027; also 0% under AKFTA and RCEP),Decree 26/2023 Appendix II; ACFTA schedule Decree 118/2022/ND-CP (2022 to 2027); VNTR FTA schedules,REG2-23; FTR-32; FTR-33,VN-direct,Medium,"Soy protein isolate is often classified here; precision-fermented proteins may be too (classification not verified). Version 0.4: Chinese, French (EVFTA) and Canadian (CPTPP) pea protein pay 0%; the 3% MFN applies to the United States and other non-FTA origins (FTR-32)."
TAR-009,2102.10,Active yeasts,10% (WITS 2023),0% (ATIGA final rate),0% (2025 to 2027; also 0% under RCEP for China and ASEAN),Decree 26/2023 Appendix II; ACFTA schedule Decree 118/2022/ND-CP (2022 to 2027); VNTR FTA schedules,REG2-23; FTR-32; FTR-33,VN-direct,Medium,1 national line. Version 0.4: 0% from China and ASEAN; AKFTA not checked for this line (FTR-32).
TAR-010,2102.20,Inactive yeasts; other dead single-cell micro-organisms,7% (WITS 2023; 2 national lines),0% (ATIGA final rate),0% (2025 to 2027; also 0% under RCEP for China and ASEAN),Decree 26/2023 Appendix II; ACFTA schedule Decree 118/2022/ND-CP (2022 to 2027); VNTR FTA schedules,REG2-23; FTR-32; FTR-33,VN-direct,Medium,"Heading text covers 'other single-cell micro-organisms, dead', so dried bacterial or yeast single-cell protein may classify here (classification ruling not verified). Version 0.4: Chinese and ASEAN product pays 0% under ACFTA, ATIGA and RCEP; the 7% MFN applies only to other origins, so local SCP has no tariff edge over Chinese product (corrects the earlier 'small relative handicap' reading). AKFTA not checked for this line (FTR-32)."
TAR-011,1208 (1208.10.00),Flours and meals of soya beans (full fat),8% (VNTR; no amending decree touched this line),0% (ATIGA final rate),0% (2025 to 2027; also 0% under AKFTA and RCEP),Decree 26/2023 Appendix II as amended; ACFTA schedule Decree 118/2022/ND-CP (2022 to 2027); VNTR FTA schedules,FTR-32; FTR-33,VN-direct,Medium,"Version 0.4 (W7-L2). Input for a domestic textured-protein line. A maker buying full-fat soy flour from the United States would pay 8% MFN while Chinese textured protein enters at 0%. VNTR MFN column is stale for some lines, so MFN rates were checked against the amendment decrees."
TAR-012,0201.30 / 0202.30,"Boneless beef, fresh or frozen (includes buffalo meat)",14% (WITS 2023; no later change found),not verified,not verified,Decree 26/2023/ND-CP Appendix II as amended,MIM-20; MIM-22,VN-direct,Medium,"Added in v0.8 (wave 11 L1). EVFTA: EU beef 0% after 3 years (MIM-22). CPTPP, RCEP and other preferential rates not read (OQ-469)."
TAR-013,0203.22 / 0203.29,"Frozen pork, hams and other cuts","10% (WITS 2023; no later change found; 25% on fresh or chilled pork in 2019, MIM-23)",not verified,not verified,Decree 26/2023/ND-CP Appendix II as amended,MIM-20; MIM-22; MIM-23,VN-direct,Medium,"Added in v0.8 (wave 11 L1). EVFTA: EU frozen pork 0% after 7 years, about 2027 (our reading of MIM-22). CPTPP, RCEP and other preferential rates not read (OQ-469)."
TAR-014,0206.29 / 0206.49,Frozen bovine and pig offal,8% (WITS 2023; no later change found),not verified,not verified,Decree 26/2023/ND-CP Appendix II as amended,MIM-20,VN-direct,High,"Added in v0.8 (wave 11 L1). CPTPP, RCEP and other preferential rates not read (OQ-469)."
TAR-015,0207.12,Frozen whole chickens,40% (WITS 2023; no later change found),not verified,not verified,Decree 26/2023/ND-CP Appendix II as amended,MIM-20; MIM-22,VN-direct,Medium,"Added in v0.8 (wave 11 L1). EVFTA: EU chicken 0% after 10 years, about 2030 (our reading of MIM-22). CPTPP, RCEP and other preferential rates not read (OQ-469)."
TAR-016,0207.14,Frozen chicken cuts and offal,20% (WITS 2023); frozen chicken legs 15% from Decree 73/2025/ND-CP (31 March 2025),not verified,not verified,Decree 26/2023/ND-CP Appendix II as amended (Decree 73/2025/ND-CP for chicken legs),MIM-20; REG2-21; MIM-21; MIM-22,VN-direct,Medium,"Added in v0.8 (wave 11 L1). EVFTA: EU chicken 0% after 10 years, about 2030 (our reading of MIM-22). CPTPP, RCEP and other preferential rates not read (OQ-469)."
TAR-017,0402.10 / 0402.21,Skim and whole milk powder,2% to 5% (WITS 2023; no later change found),not verified,not verified,Decree 26/2023/ND-CP Appendix II as amended,MIM-20; MIM-22,VN-direct,Medium,"Added in v0.8 (wave 11 L1). EVFTA: about 44% of dairy lines free at once or after 3 years, the rest after 5 years (MIM-22). CPTPP, RCEP and other preferential rates not read (OQ-469)."
TAR-018,0102.29,Live cattle (not for breeding),5% (WITS 2023; no later change found),not verified,not verified,Decree 26/2023/ND-CP Appendix II as amended,MIM-20,VN-direct,High,"Added in v0.8 (wave 11 L1). CPTPP, RCEP and other preferential rates not read (OQ-469)."
