milestone_id,period,plan_cycle,pillar,milestone,indicator,value_or_range,trend_comparison,benchmark,source_ids,foresight_type,confidence
VM-01,2026 to 2028,2026 to 2030 plan,Measure,"First national protein balance for people published (what people eat by food, source and origin, with a memo line for the imported feed behind domestic animal protein), then yearly",Balance published,"Yes, by 2028",None exists,EU balance-sheet guidance; Japan annual indicator checks,VIS-15; VIS-13,vision,Medium
VM-02,2026 to 2028,2026 to 2030 plan,Make,"New-food route: a delegation clause in the Food Safety Law before the vote considered at the May 2027 session, then a proportionate novel-food procedure with statutory timelines and reliance on reference regulators in its implementing decree",Clause adopted; procedure in force,Clause by early 2027; procedure by 2027 to 2028,No procedure,Korea amended an existing rule in about nine months,APR-07; REG-12; RGN-19; RGN-21; RGN-34,vision,Medium
VM-03,2026 to 2028,2026 to 2030 plan,Make,Food-fermentation sites named in the MAE biotechnology-cluster plan,Named sites,December 2026 to 2027,Map blank,Thailand EECi; India BioE3 hubs,HUB-09; FTB-17,vision,Medium
VM-04,2026 to 2028,2026 to 2030 plan,Make,Dedicated public food-protein innovation line,USD a year,5 to 15 M,None for food protein; a feed-industry scheme has about 6 M a year,"Denmark, Germany, Canada",VIS-01; VIS-04; VIS-24; NTS-23,vision,Medium
VM-05,2026 to 2028,2026 to 2030 plan,Secure,"New protein plants on climate-proof sites: raised sites, surface water rather than groundwater, and process designs for cooling water at 40 degC in the Mekong",Siting rule applied,From 2027,No rule,Mekong subsidence of about 1.1 cm a year,CLM-13; CLM-14; CLM-16,vision,Medium
VM-06,2028 to 2030,2026 to 2030 plan,Measure,"Protein-quality laboratory with accredited amino-acid and digestibility testing, and a public price series for food protein ingredients",Testing in an accredited scope; price series published,By 2030,No laboratory page we read lists digestibility testing,Overseas laboratories used for now,INF-03; INF-10; INF-11; INF-13; INF-14,vision,Medium
VM-07,2030,2026 to 2030 plan,Make,One open food-grade pilot fermentation plant operating,Litres of open pilot capacity,"10,000 to 30,000 L",None,ScaleUp Bio; EECi,RGN-36; RGN-13,vision,Medium
VM-08,2030,2026 to 2030 plan,Make,Protein made in Vietnam for the home market (model reading: routes R1 to R6; R2 to R6 count protein of any origin),kt of protein a year,5.2 to 12.1,"1.2 (drift path, D-DRIFT)","Demand model, benchmark to stretch path (D-BENCH to D-STRETCH)",BUY-02; GT-12; QNT-01,vision,Low
VM-09,2030,2026 to 2030 plan,Diversify,"Protein supplied by new routes (import substitution, upgraded chay, blends, canteen dishes, analogues, plant drinks, exports)",kt of protein a year,5.9 to 14.1,"1.3 (drift path, D-DRIFT)","Demand model, benchmark to stretch path (D-BENCH to D-STRETCH)",BUY-02; GLB-09; GT-12; QNT-01,vision,Low
VM-10,2030,2031 to 2035 plan,Measure,Successor livestock and fisheries strategies carry targets from the protein balance for 2035 to 2040,Targets in strategy,Yes,Targets stop at 2030,EU protein plan targets for 2035,NTS-05; VIS-15,vision,Medium
VM-11,2035,2031 to 2035 plan,Make,Protein made in Vietnam for the home market (model reading: routes R1 to R6; R2 to R6 count protein of any origin),kt of protein a year,16.6 to 38.1 (strict benchmark reading about 11.4),"3.0 (drift path, D-DRIFT)","Demand model, benchmark to stretch path (D-BENCH to D-STRETCH)",BUY-02; GT-12; QNT-01,vision,Low
VM-12,2035,2031 to 2035 plan,Make,"Domestic makers supply part of the food plant-protein ingredient pool now imported (textured soy, gluten, isolates)",Share of the pool,25 to 45%,"5% (drift path, D-DRIFT)","Demand model, benchmark to stretch path (D-BENCH to D-STRETCH)",BUY-02,vision,Low
VM-13,2035,2031 to 2035 plan,Diversify,"Protein supplied by new routes (import substitution, upgraded chay, blends, canteen dishes, analogues, plant drinks, exports)",kt of protein a year,19.1 to 45.6,"3.2 (drift path, D-DRIFT)","Demand model, benchmark to stretch path (D-BENCH to D-STRETCH)",BUY-02; GLB-09; GT-12; QNT-01,vision,Low
VM-14,2035,2031 to 2035 plan,Secure,"New protein adds a second source beside meat (tracked to show scale, not a diet target)",Share of meat protein displaced,0.18 to 0.71%,"0.01% (drift path, D-DRIFT)",Demand model; existing chay days already avoid about 2.5% of meat protein,CHY-06; GLB-19,vision,Low
VM-15,2035,2031 to 2035 plan,Measure,First full review of the vision against the scenario signposts,Review published,Yes,None,JRC stress test; FAO triggers,VIS-35; VIS-36,vision,Medium
VM-16,2040,2036 to 2040 plan,Make,Protein made in Vietnam for the home market (model reading: routes R1 to R6; R2 to R6 count protein of any origin),kt of protein a year,28.7 to 64.7,"5.0 (drift path, D-DRIFT)","Demand model, benchmark to stretch path (D-BENCH to D-STRETCH)",BUY-02; GT-12; QNT-01,vision,Low
VM-17,2040,2036 to 2040 plan,Diversify,"Protein supplied by new routes (import substitution, upgraded chay, blends, canteen dishes, analogues, plant drinks, exports)",kt of protein a year,33.1 to 78.4,"5.5 (drift path, D-DRIFT)","Demand model, benchmark to stretch path (D-BENCH to D-STRETCH)",BUY-02; GLB-09; GT-12; QNT-01,vision,Low
VM-18,2040,2036 to 2040 plan,Secure,Residue carbon and clean power supply a growing share of new food-fermentation capacity,Share of new capacity,Growing; a majority only if cellulosic or one-carbon sugar works,Cassava and grid power,Power plan: 74 to 75% non-hydro renewables by 2050,GT-11; NGF-01; NGF-11,vision,Low
VM-19,2045,2041 to 2045 plan,Specialise,"Aligned with official 2045 goals (official targets, not part of our vision): biotechnology at 10 to 15% of GDP (Resolution 36); developed, high-income status (Resolution 109/NQ-CP)",Official goals,Biotech 10 to 15% of GDP (undefined statistic); high income,n/a,Official 2045 goals,NTS-01; NTS-28,vision,Medium
VM-20,2045,2041 to 2045 plan,Specialise,Vietnam supplies fermentation sugar from cassava and contract food fermentation to buyers in the region,Named regional products and sites,At least one site selling to regional buyers,Starch exported; almost no glucose sold to China (2024),"Vietnam became China's largest cassava-starch supplier in 2025; existing MSG, lysine and yeast tanks",FS-01; FS-13; RGN-51; RGN-55; IND-01,vision,Low
VM-21,2050,2046 to 2050 plan,Make,Protein made in Vietnam for the home market (model reading: routes R1 to R6; R2 to R6 count protein of any origin),kt of protein a year,59.2 to 146.5,"9.9 (drift path, D-DRIFT)","Demand model, benchmark to stretch path (D-BENCH to D-STRETCH)",BUY-02; GT-12; QNT-01,vision,Low
VM-22,2050,2046 to 2050 plan,Make,"Domestic makers supply part of the food plant-protein ingredient pool now imported (textured soy, gluten, isolates)",Share of the pool,40 to 60%,"10% (drift path, D-DRIFT)","Demand model, benchmark to stretch path (D-BENCH to D-STRETCH)",BUY-02,vision,Low
VM-23,2050,2046 to 2050 plan,Diversify,"Protein supplied by new routes (import substitution, upgraded chay, blends, canteen dishes, analogues, plant drinks, exports)",kt of protein a year,66.7 to 171.5,"10.7 (drift path, D-DRIFT)","Demand model, benchmark to stretch path (D-BENCH to D-STRETCH)",BUY-02; GLB-09; GT-12; QNT-01,vision,Low
VM-24,2050,2046 to 2050 plan,Secure,"New protein adds a second source beside meat (tracked to show scale, not a diet target)",Share of meat protein displaced,0.41 to 1.52%,"0.04% (drift path, D-DRIFT)",Demand model; existing chay days already avoid about 2.5% of meat protein,CHY-06; GLB-19,vision,Low
VM-25,2050,2046 to 2050 plan,Secure,"Agriculture within its 56 MtCO2e cap, with every new protein plant shown lower-carbon than the protein it replaces on a published method",MtCO2e,56 or less,104.5 in 2020,Official cap,CLM-01,vision,Medium
