record_id,wildcard,impact_channel,direction_for_vn_alt_protein,horizon,signposts,source_ids,confidence,notes
WC-01,"Multi-year anchoveta collapse: two or more consecutive very strong El Nino years cut Peru's catch to a fraction of normal and hold fishmeal above USD 2,500 per t","Fishmeal price and availability for shrimp, pangasius and marine-fish feed; aquafeed cost; farm margins","Strongly positive for microbial, algal and side-stream feed protein (insects as benchmark only); negative for aquaculture margins","2027 (already partly under way), recurring to 2050",NOAA ENSO status; PRODUCE second-season quota (November 2026); IFFO monthly output; World Bank Pink Sheet fishmeal price and fishmeal-to-soy ratio above 6,HSC-28; HSC-29; HSC-30; CLM-27; GT-15,Medium,No longer purely hypothetical: 2026 first season landed about 25% of a record-low quota and NOAA gives over 90% for a very strong El Nino in winter 2026-27. Extreme El Nino frequency projected to double (CLM-27).
WC-02,Mammalian-adapted H5N1 with sustained human-to-human spread (a pandemic from poultry or pigs),Poultry and pig culls; labour and trade disruption; consumer avoidance of animal products; biosecurity rules; capital flight from risky assets,Mixed: raises the security case for protein that does not depend on animals (feed aside); short-term capital and demand shock,2030 to 2050,WHO reports of human clusters without animal exposure; CDC risk raised above 'low'; H5N1 in pigs in Asia; mammalian-adaptation mutations in Cambodian clade 2.3.2.1e; H5N1 in Vietnamese pigs or cattle; WHO WPRO weekly avian influenza update,HSC-26; HSC-27; PAN-01,Medium,"Current evidence: 12 human cases worldwide Aug 2025 to Jun 2026, none human-to-human; none in Vietnam. Viet Nam: 130 human cases and 65 deaths since 2003, none in 2026 to 6 Sep 2026; no H5N1 in Vietnamese pigs or cattle in sources read (PAN-01)."
WC-03,ASF vaccine escape: recombinant genotype I/II strains spread nationally and a second large pig die-off follows,Pork supply and prices; pork and meat imports surge; feed demand falls sharply; farm consolidation,Short-term negative for pork supply and prices (people switched to chicken and imported pork in 2019 and 2025) and for feed sales (context); longer-term positive for protein-security policy and closed systems,2027 to 2035,"Share of recombinant strains in typed samples (above 50% crossed in 2025: north 79%, centre 76%, south 60%); outbreak counts; ASF culls above 2 million pigs a year; vaccine suspensions; sow herd statistics",HSC-31; PAN-33; MAC-01; MAC-12; PAN-03,Medium,"Recombinant I/II variants reported since 2023; licensed LAVs protect against homologous strains only, and MAE states they have no protective effect against other genotypes (PAN-33). The 2025 wave culled about 1.2 million pigs, about 3.8% of the end-2025 herd, against about 23% in 2019 (our calculation): vaccine escape without a 2019-scale die-off so far. No probability assigned."
WC-04,"A cross-protective, safe, DIVA-compatible ASF vaccine ends ASF as a production risk",Pig herd grows faster; more feed and more imported protein needed; integrators expand,"Reduces the disease argument for a second protein source; more pigs and more imported feed (feed context, including microbial feed protein)",2030 to 2035,A licensed vaccine with genotype I/II (recombinant) protection (none found by Sep 2026); WOAH-standard vaccine approval; export uptake; stable herd growth above plan,HSC-31; PAN-33,Low,The positive twin of WC-03. MAE (Sep 2025): the three licensed vaccines are genotype II only (PAN-33).
WC-05,"Simultaneous maize and soy failure in the main exporters (United States, Brazil, Argentina, Ukraine)",Import prices of maize and soybean meal spike; export restrictions,Positive for domestic and non-crop protein; negative for feed affordability,2040s (at about 2 C of warming),Synchronous yield anomalies; export taxes or bans; futures spikes; FAO food price index,CLM-24; CLM-25,Medium,"Published probability for a year with greater than 10% maize loss in all top four exporters: near zero today, 7% at 2 C, 86% at 4 C (CLM-24)."
WC-06,"Blockade, conflict or insurance shutdown in the South China Sea or Malacca Strait for months","Imports of soybean meal, maize and fishmeal; freight; seafood exports",Strongly positive for domestic feed-protein capacity and stocks; negative for the economy and capital,2030 to 2050,Naval incidents; war-risk premiums; freight indices; strategic grain reserve moves,HSC-33,Low,About USD 3.4 trillion of trade (21% of world trade) passed through the South China Sea in 2016 (CSIS).
WC-07,"Strait of Hormuz or wider Middle East closure cutting urea, ammonia, LNG and oil for a year",Fertiliser and energy prices; crop yields; fermentation power and sugar costs,Mixed: raises costs of all protein; favours energy-light and residue-based processes,2026 to 2035,Brent and urea prices; LNG spot; shipping disruptions,HSC-37,Low,"Signal in May 2026 of rising energy, shipping and fertiliser costs."
WC-08,"Chinese export dumping of yeast, bacterial and mycoprotein from repurposed pharma capacity",Landed prices in Vietnam fall below domestic cost,Negative for Vietnamese producers; positive for Vietnamese feed and food buyers,2028 to 2035,Customs data on HS 2102 and 3504 imports from China; Chinese capacity announcements; unit values,HSC-13; HSC-14; FTG-06,Medium,"Chinese construction costs about one-sixth of US; Angel Yeast 11,000 t; Cabio about 170,000 t."
WC-09,A sustained soy glut: China cuts soybean-meal use in feed sharply while South American supply grows,Soybean meal price stays low for a decade,Negative for the economics of alternative feed protein,2030 to 2040,Chinese soybean imports; soybean meal inclusion rates; Pink Sheet soybean meal below USD 300 per t,GT-14,Low,Counter-wildcard to WC-01 and WC-05.
WC-10,Firm renewable power at or below USD 20 per MWh in southern Vietnam (solar plus storage),Electricity cost for fermentation and electrolysis,Positive for power-to-protein and all fermentation,2040 to 2050,Auction prices; battery pack costs; direct power purchase contracts for industry,FTG-01; FTG-19,Low,FTG finds power-to-protein reaches the fishmeal band only near 2050 even in good cases.
WC-11,AI-designed strains and enzymes lift food-protein titres above 100 g per L and cut precision-fermentation cost by an order of magnitude,Cost of recombinant proteins; value of fermentation capacity,"Positive, but gains flow first to owners of large fermentation capacity (China, US, EU)",2030 to 2035,Peer-reviewed titres; TEA with commodity prices below USD 5 per kg; contract prices,FTB-02; FTB-06; FTB-23,Low,FTB found no evidence of lower production cost at scale yet.
WC-12,Cell-free protein synthesis reaches food cost,Decentralised protein production without living cells,Positive for design-led entrants; disrupts fermentation investments,after 2045,Cost per gram falling below USD 0.1,FTB-35; FTB-36,Low,FTB: best cost about USD 2.7 per mg (modelled antibody); 5 to 8 orders of magnitude too high.
WC-13,"A serious novel-food safety scandal in Asia (illness cluster, toxic contaminant or undeclared allergen in a new protein ingredient)",Regulator tightening; consumer trust; reliance routes paused,Negative for food applications; feed less affected; raises value of testing infrastructure,any year,Adverse-event clusters; recalls; emergency rule changes,HSC-34,Medium,Precedent: 2022 US Daily Harvest product with a new ingredient caused 393 illnesses and 133 hospitalisations.
WC-14,A protein-adulteration scandal in feed or food (melamine-type fraud) implicating an alternative protein ingredient,Testing regimes; import bans; buyer audits,"Negative short term; positive for accredited protein testing (amino acids, digestibility)",any year,Customs alerts; RASFF notices; MAE feed inspection results,RD-01,Low,Version 0.1 found no Vietnamese lab offering amino-acid digestibility tests.
WC-15,EU or major buyers apply carbon or deforestation rules to aquafeed ingredients in imported shrimp and pangasius,Feed footprint becomes an export condition,"Positive for low-footprint local feed protein (residue-based, microbial, algal)",2030 to 2040,CBAM scope review; EU deforestation rule extensions; retailer Scope 3 feed targets; ASC feed standard,HSC-32,Low,CBAM already covers fertilisers and hydrogen (definitive phase from 1 Jan 2026) but not food.
WC-16,Extreme Mekong dry-season salinity worse than 2016 and 2020 (El Nino plus upstream storage),"Rice, fruit and freshwater aquaculture losses; land shifts to shrimp","Mixed: more aquafeed demand, fewer rice by-products; positive for land-free protein","2027 (El Nino 2026-27), and 2030 to 2050",NCHMF salinity bulletins; MRC flow data; distance of 4 g per L isohaline,CLM-15; CLM-36; HSC-28,Medium,The 2016 and 2020 records both followed strong El Ninos; 2027 dry season is a live risk.
WC-17,"Delta subsidence accelerates (unregulated pumping), forcing abandonment of large pangasius and shrimp zones before 2050",Relocation of aquaculture; feed demand geography,Mixed,2040 to 2050,InSAR subsidence rates; groundwater extraction licences,CLM-12; CLM-13,Low,"CLM: subsidence about 1.1 cm a year, ten times global sea-level rise."
WC-18,Sector-wide exit of cultivated meat (most leading firms fail by 2030),Talent and equipment released; investor aversion to all 'lab food',Negative for cultivated; positive for cheap second-hand bioreactors for feed fermentation,2028 to 2032,Closure count; Singapore and US product withdrawals; funding below USD 50 M a year,HSC-08; HSC-10; FTB-38,Medium,"Cultivated funding USD 74 M in 2025, down 49%."
WC-19,Cultivated chicken reaches price parity with conventional chicken in one market,Rapid demand shift in premium markets; capital returns,Positive for the category; Vietnam lacks capacity so gains go elsewhere,2035 to 2045,"Wholesale price below USD 10 per kg at over 100,000 t; food-grade media below USD 1 per L",HSC-18,Low,"Rethink Priorities panel: 6% chance of over 100,000 t at under USD 10 per kg by 2031."
WC-20,Cultivated-meat bans spread to large Asian markets or a negative halal ruling in a major Muslim-majority country,Market access; investor sentiment,Negative for cultivated; little direct Vietnamese exposure,2027 to 2035,Legislative bills; fatwa councils; trade disputes,HSC-35; RGN-20,Low,Seven US states ban or pause; Malaysia's 2025 fatwa is favourable.
WC-21,A synthetic-biology biosecurity incident (lab release or AI-enabled misuse) triggers global controls on gene synthesis and engineered microbes,GMO and fermentation permits; biofoundry access; cross-border strain transfer,Negative for precision fermentation and engineered strains; neutral for non-GM biomass,2030 to 2045,Gene-synthesis screening mandates; biosafety convention changes; incident reports,none,Low,No source; included for completeness.
WC-22,Carbon pricing reaches livestock (methane) in Vietnam or key export markets at over USD 50 per tCO2e,Livestock cost; value of low-emission protein,Positive,2035 to 2050,Vietnam ETS scope after 2029; NDC 3.0 agriculture caps; buyer carbon pricing,CLM-01; CLM-02; REG-59,Low,Official caps exist; no price on agriculture yet.
WC-23,New shrimp disease pandemic cuts Vietnamese shrimp output by a third or more,Aquafeed demand; feed-mill utilisation,Negative for aquafeed-protein ventures in the short term,2027 to 2040,Disease reports; post-larvae sales; feed-mill volumes,none,Low,Past EMS/AHPND waves are the precedent; not re-sourced here.
WC-24,Singapore or another ASEAN regulator withdraws from novel-food leadership (approvals slow or stop),Loss of a reference regulator for reliance,Negative for a Vietnamese reliance-based route,2027 to 2032,SFA approval pace; policy statements,HSC-36,Medium,Singapore dropped '30 by 30' in November 2025 but kept approving in 2026.
WC-25,ASEAN mutual recognition of novel-food approvals within five years,One dossier for ten markets,Strongly positive for a Vietnamese hub and contract manufacturing,2030 to 2035,ASEAN food-safety committee texts; Vietnam's food-law decree,REG-12,Low,Positive policy wildcard; v0.1 Scenario 3 driver.
WC-26,Mass uptake of appetite-suppressing drugs (GLP-1 class) in urban Asia lowers food intake but raises demand for protein-dense foods,Macro demand input only,Mixed; small effect on feed balance,2035 to 2050,Drug prices; national uptake statistics,none,Low,Demand side; included only as a macro input to the balance model.
