STRUCTURE,STRUCTURE_ID,ACTION,REF_AREA,FREQ,COMMODITY,MEASURE,UNIT_MEASURE,VERSION_ID,TIME_PERIOD,OBS_VALUE,OBS_STATUS,UNIT_MULT,DECIMALS,CONVENTION
DATAFLOW,OECD.TAD.ATM:DSD_AGR@DF_OUTLOOK_2026_2035(1.1),I,VNM,A,CPC_0112,QC,T,AO_2026_2035,2023,14846.3234777788,A,3,2,_Z
DATAFLOW,OECD.TAD.ATM:DSD_AGR@DF_OUTLOOK_2026_2035(1.1),I,VNM,A,CPC_0112,QC,T,AO_2026_2035,2024,15525.016562534,A,3,2,_Z
DATAFLOW,OECD.TAD.ATM:DSD_AGR@DF_OUTLOOK_2026_2035(1.1),I,VNM,A,CPC_0112,QC,T,AO_2026_2035,2025,15800.0152215854,A,3,2,_Z
DATAFLOW,OECD.TAD.ATM:DSD_AGR@DF_OUTLOOK_2026_2035(1.1),I,VNM,A,CPC_0112,FE,T,AO_2026_2035,2022,10275.6340768884,A,3,2,_Z
DATAFLOW,OECD.TAD.ATM:DSD_AGR@DF_OUTLOOK_2026_2035(1.1),I,VNM,A,CPC_0112,FE,T,AO_2026_2035,2023,11555.8845080318,A,3,2,_Z
DATAFLOW,OECD.TAD.ATM:DSD_AGR@DF_OUTLOOK_2026_2035(1.1),I,VNM,A,CPC_0112,FE,T,AO_2026_2035,2024,12074.6000148046,A,3,2,_Z
DATAFLOW,OECD.TAD.ATM:DSD_AGR@DF_OUTLOOK_2026_2035(1.1),I,VNM,A,CPC_0112,FE,T,AO_2026_2035,2025,12339.6243312717,A,3,2,_Z
DATAFLOW,OECD.TAD.ATM:DSD_AGR@DF_OUTLOOK_2026_2035(1.1),I,VNM,A,CPC_0112,FE,T,AO_2026_2035,2026,12690.5569069557,A,3,2,_Z
DATAFLOW,OECD.TAD.ATM:DSD_AGR@DF_OUTLOOK_2026_2035(1.1),I,VNM,A,CPC_0112,FE,T,AO_2026_2035,2027,13082.4925299022,A,3,2,_Z
DATAFLOW,OECD.TAD.ATM:DSD_AGR@DF_OUTLOOK_2026_2035(1.1),I,VNM,A,CPC_0112,FE,T,AO_2026_2035,2028,13466.8568752516,A,3,2,_Z
DATAFLOW,OECD.TAD.ATM:DSD_AGR@DF_OUTLOOK_2026_2035(1.1),I,VNM,A,CPC_0112,FO,T,AO_2026_2035,2021,638.96657053218,A,3,2,_Z
DATAFLOW,OECD.TAD.ATM:DSD_AGR@DF_OUTLOOK_2026_2035(1.1),I,VNM,A,CPC_0112,FO,T,AO_2026_2035,2022,629.169303389048,A,3,2,_Z
DATAFLOW,OECD.TAD.ATM:DSD_AGR@DF_OUTLOOK_2026_2035(1.1),I,VNM,A,CPC_0112,FO,T,AO_2026_2035,2023,638.748341686056,A,3,2,_Z
DATAFLOW,OECD.TAD.ATM:DSD_AGR@DF_OUTLOOK_2026_2035(1.1),I,VNM,A,CPC_0112,FO,T,AO_2026_2035,2024,638.6616492128129,A,3,2,_Z
DATAFLOW,OECD.TAD.ATM:DSD_AGR@DF_OUTLOOK_2026_2035(1.1),I,VNM,A,CPC_0112,FO,T,AO_2026_2035,2025,638.542986112688,A,3,2,_Z
DATAFLOW,OECD.TAD.ATM:DSD_AGR@DF_OUTLOOK_2026_2035(1.1),I,VNM,A,CPC_0112,FO,T,AO_2026_2035,2026,658.4359387969489,A,3,2,_Z
DATAFLOW,OECD.TAD.ATM:DSD_AGR@DF_OUTLOOK_2026_2035(1.1),I,VNM,A,CPC_0112,FO,T,AO_2026_2035,2027,670.000479773802,A,3,2,_Z
DATAFLOW,OECD.TAD.ATM:DSD_AGR@DF_OUTLOOK_2026_2035(1.1),I,VNM,A,CPC_0112,FO,T,AO_2026_2035,2028,680.0321476693849,A,3,2,_Z
DATAFLOW,OECD.TAD.ATM:DSD_AGR@DF_OUTLOOK_2026_2035(1.1),I,VNM,A,CPC_0112,FO,T,AO_2026_2035,2029,689.800185514409,A,3,2,_Z
DATAFLOW,OECD.TAD.ATM:DSD_AGR@DF_OUTLOOK_2026_2035(1.1),I,VNM,A,CPC_0112,FO,T,AO_2026_2035,2030,699.444905636056,A,3,2,_Z
DATAFLOW,OECD.TAD.ATM:DSD_AGR@DF_OUTLOOK_2026_2035(1.1),I,VNM,A,CPC_0112,FO,T,AO_2026_2035,2031,708.647855400936,A,3,2,_Z
DATAFLOW,OECD.TAD.ATM:DSD_AGR@DF_OUTLOOK_2026_2035(1.1),I,VNM,A,CPC_0112,FO,T,AO_2026_2035,2032,717.902702230956,A,3,2,_Z
DATAFLOW,OECD.TAD.ATM:DSD_AGR@DF_OUTLOOK_2026_2035(1.1),I,VNM,A,CPC_0112,FO,T,AO_2026_2035,2033,726.784016006968,A,3,2,_Z
DATAFLOW,OECD.TAD.ATM:DSD_AGR@DF_OUTLOOK_2026_2035(1.1),I,VNM,A,CPC_0112,FO,T,AO_2026_2035,2034,735.4696025553831,A,3,2,_Z
DATAFLOW,OECD.TAD.ATM:DSD_AGR@DF_OUTLOOK_2026_2035(1.1),I,VNM,A,CPC_0112,FE,T,AO_2026_2035,2020,12984.8970166204,A,3,2,_Z
DATAFLOW,OECD.TAD.ATM:DSD_AGR@DF_OUTLOOK_2026_2035(1.1),I,VNM,A,CPC_0112,FE,T,AO_2026_2035,2021,10677.0445727534,A,3,2,_Z
DATAFLOW,OECD.TAD.ATM:DSD_AGR@DF_OUTLOOK_2026_2035(1.1),I,VNM,A,CPC_0112,QC,T,AO_2026_2035,2026,16227.617043895,A,3,2,_Z
DATAFLOW,OECD.TAD.ATM:DSD_AGR@DF_OUTLOOK_2026_2035(1.1),I,VNM,A,CPC_0112,QC,T,AO_2026_2035,2027,16709.2477898164,A,3,2,_Z
DATAFLOW,OECD.TAD.ATM:DSD_AGR@DF_OUTLOOK_2026_2035(1.1),I,VNM,A,CPC_0112,QC,T,AO_2026_2035,2028,17177.7890016772,A,3,2,_Z
DATAFLOW,OECD.TAD.ATM:DSD_AGR@DF_OUTLOOK_2026_2035(1.1),I,VNM,A,CPC_0112,QC,T,AO_2026_2035,2029,17693.2373940521,A,3,2,_Z
DATAFLOW,OECD.TAD.ATM:DSD_AGR@DF_OUTLOOK_2026_2035(1.1),I,VNM,A,CPC_0112,QC,T,AO_2026_2035,2030,18230.2814392969,A,3,2,_Z
DATAFLOW,OECD.TAD.ATM:DSD_AGR@DF_OUTLOOK_2026_2035(1.1),I,VNM,A,CPC_0112,QC,T,AO_2026_2035,2031,18796.8763074645,A,3,2,_Z
DATAFLOW,OECD.TAD.ATM:DSD_AGR@DF_OUTLOOK_2026_2035(1.1),I,VNM,A,CPC_0112,QC,T,AO_2026_2035,2032,19288.1701377444,A,3,2,_Z
DATAFLOW,OECD.TAD.ATM:DSD_AGR@DF_OUTLOOK_2026_2035(1.1),I,VNM,A,CPC_0112,QC,T,AO_2026_2035,2033,19904.3021863889,A,3,2,_Z
DATAFLOW,OECD.TAD.ATM:DSD_AGR@DF_OUTLOOK_2026_2035(1.1),I,VNM,A,CPC_0112,QC,T,AO_2026_2035,2034,20536.9262294488,A,3,2,_Z
DATAFLOW,OECD.TAD.ATM:DSD_AGR@DF_OUTLOOK_2026_2035(1.1),I,VNM,A,CPC_0112,QC,T,AO_2026_2035,2035,21177.1076421193,A,3,2,_Z
DATAFLOW,OECD.TAD.ATM:DSD_AGR@DF_OUTLOOK_2026_2035(1.1),I,VNM,A,CPC_0112,QP,T,AO_2026_2035,2020,4558.2,A,3,2,_Z
DATAFLOW,OECD.TAD.ATM:DSD_AGR@DF_OUTLOOK_2026_2035(1.1),I,VNM,A,CPC_0112,QP,T,AO_2026_2035,2021,4446.4,A,3,2,_Z
DATAFLOW,OECD.TAD.ATM:DSD_AGR@DF_OUTLOOK_2026_2035(1.1),I,VNM,A,CPC_0112,QP,T,AO_2026_2035,2022,4423,A,3,2,_Z
DATAFLOW,OECD.TAD.ATM:DSD_AGR@DF_OUTLOOK_2026_2035(1.1),I,VNM,A,CPC_0112,QP,T,AO_2026_2035,2023,4437,A,3,2,_Z
DATAFLOW,OECD.TAD.ATM:DSD_AGR@DF_OUTLOOK_2026_2035(1.1),I,VNM,A,CPC_0112,QP,T,AO_2026_2035,2024,4425,A,3,2,_Z
DATAFLOW,OECD.TAD.ATM:DSD_AGR@DF_OUTLOOK_2026_2035(1.1),I,VNM,A,CPC_0112,QP,T,AO_2026_2035,2025,4300,A,3,2,_Z
DATAFLOW,OECD.TAD.ATM:DSD_AGR@DF_OUTLOOK_2026_2035(1.1),I,VNM,A,CPC_0112,QP,T,AO_2026_2035,2026,4441.98658574251,A,3,2,_Z
DATAFLOW,OECD.TAD.ATM:DSD_AGR@DF_OUTLOOK_2026_2035(1.1),I,VNM,A,CPC_0112,QP,T,AO_2026_2035,2027,4499.9974903947295,A,3,2,_Z
DATAFLOW,OECD.TAD.ATM:DSD_AGR@DF_OUTLOOK_2026_2035(1.1),I,VNM,A,CPC_0112,QP,T,AO_2026_2035,2028,4580.289969138729,A,3,2,_Z
DATAFLOW,OECD.TAD.ATM:DSD_AGR@DF_OUTLOOK_2026_2035(1.1),I,VNM,A,CPC_0112,QP,T,AO_2026_2035,2029,4660.89267134832,A,3,2,_Z
DATAFLOW,OECD.TAD.ATM:DSD_AGR@DF_OUTLOOK_2026_2035(1.1),I,VNM,A,CPC_0112,QP,T,AO_2026_2035,2030,4714.5543548940705,A,3,2,_Z
DATAFLOW,OECD.TAD.ATM:DSD_AGR@DF_OUTLOOK_2026_2035(1.1),I,VNM,A,CPC_0112,QP,T,AO_2026_2035,2031,4763.78352917615,A,3,2,_Z
DATAFLOW,OECD.TAD.ATM:DSD_AGR@DF_OUTLOOK_2026_2035(1.1),I,VNM,A,CPC_0112,QP,T,AO_2026_2035,2032,4807.37940534629,A,3,2,_Z
DATAFLOW,OECD.TAD.ATM:DSD_AGR@DF_OUTLOOK_2026_2035(1.1),I,VNM,A,CPC_0112,QP,T,AO_2026_2035,2033,4845.60463685991,A,3,2,_Z
DATAFLOW,OECD.TAD.ATM:DSD_AGR@DF_OUTLOOK_2026_2035(1.1),I,VNM,A,CPC_0112,QP,T,AO_2026_2035,2034,4884.83537564376,A,3,2,_Z
DATAFLOW,OECD.TAD.ATM:DSD_AGR@DF_OUTLOOK_2026_2035(1.1),I,VNM,A,CPC_0112,QP,T,AO_2026_2035,2035,4921.8273862120495,A,3,2,_Z
DATAFLOW,OECD.TAD.ATM:DSD_AGR@DF_OUTLOOK_2026_2035(1.1),I,VNM,A,CPC_0112,FE,T,AO_2026_2035,2029,13890.7804630491,A,3,2,_Z
DATAFLOW,OECD.TAD.ATM:DSD_AGR@DF_OUTLOOK_2026_2035(1.1),I,VNM,A,CPC_0112,FE,T,AO_2026_2035,2030,14334.0481698767,A,3,2,_Z
DATAFLOW,OECD.TAD.ATM:DSD_AGR@DF_OUTLOOK_2026_2035(1.1),I,VNM,A,CPC_0112,FE,T,AO_2026_2035,2031,14801.8908627556,A,3,2,_Z
DATAFLOW,OECD.TAD.ATM:DSD_AGR@DF_OUTLOOK_2026_2035(1.1),I,VNM,A,CPC_0112,FE,T,AO_2026_2035,2032,15205.1022694518,A,3,2,_Z
DATAFLOW,OECD.TAD.ATM:DSD_AGR@DF_OUTLOOK_2026_2035(1.1),I,VNM,A,CPC_0112,FE,T,AO_2026_2035,2033,15715.016068295,A,3,2,_Z
DATAFLOW,OECD.TAD.ATM:DSD_AGR@DF_OUTLOOK_2026_2035(1.1),I,VNM,A,CPC_0112,FE,T,AO_2026_2035,2034,16238.8798133662,A,3,2,_Z
DATAFLOW,OECD.TAD.ATM:DSD_AGR@DF_OUTLOOK_2026_2035(1.1),I,VNM,A,CPC_0112,FE,T,AO_2026_2035,2035,16769.2648403137,A,3,2,_Z
DATAFLOW,OECD.TAD.ATM:DSD_AGR@DF_OUTLOOK_2026_2035(1.1),I,VNM,A,CPC_0112,FO,T,AO_2026_2035,2020,629.267730648727,A,3,2,_Z
DATAFLOW,OECD.TAD.ATM:DSD_AGR@DF_OUTLOOK_2026_2035(1.1),I,VNM,A,CPC_0112,FO,T,AO_2026_2035,2035,743.955283249223,A,3,2,_Z
DATAFLOW,OECD.TAD.ATM:DSD_AGR@DF_OUTLOOK_2026_2035(1.1),I,VNM,A,CPC_0112,IM,T,AO_2026_2035,2020,13129,A,3,2,_Z
DATAFLOW,OECD.TAD.ATM:DSD_AGR@DF_OUTLOOK_2026_2035(1.1),I,VNM,A,CPC_0112,IM,T,AO_2026_2035,2021,9308,A,3,2,_Z
DATAFLOW,OECD.TAD.ATM:DSD_AGR@DF_OUTLOOK_2026_2035(1.1),I,VNM,A,CPC_0112,IM,T,AO_2026_2035,2022,8735,A,3,2,_Z
DATAFLOW,OECD.TAD.ATM:DSD_AGR@DF_OUTLOOK_2026_2035(1.1),I,VNM,A,CPC_0112,IM,T,AO_2026_2035,2023,11162.3,A,3,2,_Z
DATAFLOW,OECD.TAD.ATM:DSD_AGR@DF_OUTLOOK_2026_2035(1.1),I,VNM,A,CPC_0112,IM,T,AO_2026_2035,2024,11800,A,3,2,_Z
DATAFLOW,OECD.TAD.ATM:DSD_AGR@DF_OUTLOOK_2026_2035(1.1),I,VNM,A,CPC_0112,IM,T,AO_2026_2035,2025,12000,A,3,2,_Z
DATAFLOW,OECD.TAD.ATM:DSD_AGR@DF_OUTLOOK_2026_2035(1.1),I,VNM,A,CPC_0112,IM,T,AO_2026_2035,2026,12236.1938323568,A,3,2,_Z
DATAFLOW,OECD.TAD.ATM:DSD_AGR@DF_OUTLOOK_2026_2035(1.1),I,VNM,A,CPC_0112,IM,T,AO_2026_2035,2027,12713.5783810995,A,3,2,_Z
DATAFLOW,OECD.TAD.ATM:DSD_AGR@DF_OUTLOOK_2026_2035(1.1),I,VNM,A,CPC_0112,IM,T,AO_2026_2035,2028,13077.8551495265,A,3,2,_Z
DATAFLOW,OECD.TAD.ATM:DSD_AGR@DF_OUTLOOK_2026_2035(1.1),I,VNM,A,CPC_0112,IM,T,AO_2026_2035,2029,13502.5129025071,A,3,2,_Z
DATAFLOW,OECD.TAD.ATM:DSD_AGR@DF_OUTLOOK_2026_2035(1.1),I,VNM,A,CPC_0112,IM,T,AO_2026_2035,2030,13965.8553326313,A,3,2,_Z
DATAFLOW,OECD.TAD.ATM:DSD_AGR@DF_OUTLOOK_2026_2035(1.1),I,VNM,A,CPC_0112,IM,T,AO_2026_2035,2031,14471.2403789006,A,3,2,_Z
DATAFLOW,OECD.TAD.ATM:DSD_AGR@DF_OUTLOOK_2026_2035(1.1),I,VNM,A,CPC_0112,IM,T,AO_2026_2035,2032,14905.2498233503,A,3,2,_Z
DATAFLOW,OECD.TAD.ATM:DSD_AGR@DF_OUTLOOK_2026_2035(1.1),I,VNM,A,CPC_0112,IM,T,AO_2026_2035,2033,15471.9430277669,A,3,2,_Z
DATAFLOW,OECD.TAD.ATM:DSD_AGR@DF_OUTLOOK_2026_2035(1.1),I,VNM,A,CPC_0112,IM,T,AO_2026_2035,2034,16052.0808523609,A,3,2,_Z
DATAFLOW,OECD.TAD.ATM:DSD_AGR@DF_OUTLOOK_2026_2035(1.1),I,VNM,A,CPC_0112,IM,T,AO_2026_2035,2035,16641.9816103164,A,3,2,_Z
DATAFLOW,OECD.TAD.ATM:DSD_AGR@DF_OUTLOOK_2026_2035(1.1),I,VNM,A,CPC_0112,QC,T,AO_2026_2035,2020,16755.2159364236,A,3,2,_Z
DATAFLOW,OECD.TAD.ATM:DSD_AGR@DF_OUTLOOK_2026_2035(1.1),I,VNM,A,CPC_0112,QC,T,AO_2026_2035,2021,13915.4091541473,A,3,2,_Z
DATAFLOW,OECD.TAD.ATM:DSD_AGR@DF_OUTLOOK_2026_2035(1.1),I,VNM,A,CPC_0112,FO_PC,KG_PS,AO_2026_2035,2032,6.82388476366916,A,0,2,_Z
DATAFLOW,OECD.TAD.ATM:DSD_AGR@DF_OUTLOOK_2026_2035(1.1),I,VNM,A,CPC_0112,FO_PC,KG_PS,AO_2026_2035,2033,6.87875637533592,A,0,2,_Z
DATAFLOW,OECD.TAD.ATM:DSD_AGR@DF_OUTLOOK_2026_2035(1.1),I,VNM,A,CPC_0112,FO_PC,KG_PS,AO_2026_2035,2034,6.9320150231163105,A,0,2,_Z
DATAFLOW,OECD.TAD.ATM:DSD_AGR@DF_OUTLOOK_2026_2035(1.1),I,VNM,A,CPC_0112,FO_PC,KG_PS,AO_2026_2035,2035,6.98348411164896,A,0,2,_Z
DATAFLOW,OECD.TAD.ATM:DSD_AGR@DF_OUTLOOK_2026_2035(1.1),I,VNM,A,CPC_0112,FO_PC,KG_PS,AO_2026_2035,2020,6.415914774916191,A,0,2,_Z
DATAFLOW,OECD.TAD.ATM:DSD_AGR@DF_OUTLOOK_2026_2035(1.1),I,VNM,A,CPC_0112,FO_PC,KG_PS,AO_2026_2035,2021,6.45844178101668,A,0,2,_Z
DATAFLOW,OECD.TAD.ATM:DSD_AGR@DF_OUTLOOK_2026_2035(1.1),I,VNM,A,CPC_0112,FO_PC,KG_PS,AO_2026_2035,2022,6.31184961002762,A,0,2,_Z
DATAFLOW,OECD.TAD.ATM:DSD_AGR@DF_OUTLOOK_2026_2035(1.1),I,VNM,A,CPC_0112,FO_PC,KG_PS,AO_2026_2035,2023,6.36506616303963,A,0,2,_Z
DATAFLOW,OECD.TAD.ATM:DSD_AGR@DF_OUTLOOK_2026_2035(1.1),I,VNM,A,CPC_0112,FO_PC,KG_PS,AO_2026_2035,2024,6.3241537113031105,A,0,2,_Z
DATAFLOW,OECD.TAD.ATM:DSD_AGR@DF_OUTLOOK_2026_2035(1.1),I,VNM,A,CPC_0112,FO_PC,KG_PS,AO_2026_2035,2025,6.28496303014991,A,0,2,_Z
DATAFLOW,OECD.TAD.ATM:DSD_AGR@DF_OUTLOOK_2026_2035(1.1),I,VNM,A,CPC_0112,FO_PC,KG_PS,AO_2026_2035,2026,6.44404475971753,A,0,2,_Z
DATAFLOW,OECD.TAD.ATM:DSD_AGR@DF_OUTLOOK_2026_2035(1.1),I,VNM,A,CPC_0112,FO_PC,KG_PS,AO_2026_2035,2027,6.52212080111446,A,0,2,_Z
DATAFLOW,OECD.TAD.ATM:DSD_AGR@DF_OUTLOOK_2026_2035(1.1),I,VNM,A,CPC_0112,FO_PC,KG_PS,AO_2026_2035,2028,6.58590138742678,A,0,2,_Z
DATAFLOW,OECD.TAD.ATM:DSD_AGR@DF_OUTLOOK_2026_2035(1.1),I,VNM,A,CPC_0112,FO_PC,KG_PS,AO_2026_2035,2029,6.647961646788209,A,0,2,_Z
DATAFLOW,OECD.TAD.ATM:DSD_AGR@DF_OUTLOOK_2026_2035(1.1),I,VNM,A,CPC_0112,FO_PC,KG_PS,AO_2026_2035,2030,6.70898818394224,A,0,2,_Z
DATAFLOW,OECD.TAD.ATM:DSD_AGR@DF_OUTLOOK_2026_2035(1.1),I,VNM,A,CPC_0112,QC,T,AO_2026_2035,2022,13226.0082614015,A,3,2,_Z
DATAFLOW,OECD.TAD.ATM:DSD_AGR@DF_OUTLOOK_2026_2035(1.1),I,VNM,A,CPC_0112,FO_PC,KG_PS,AO_2026_2035,2031,6.76591549931654,A,0,2,_Z
