DATAFLOW,REF_AREA,FREQ,MEASURE,COMMODITY,UNIT_MEASURE,TIME_PERIOD,OBS_VALUE,DECIMALS,OBS_STATUS,CURRENCY,UNIT_MULT
OECD.TAD.ARP:DSD_AGR_POLIND@DF_COMM(1.2),RUS,A,EFC,CPC_EX_PK,EUR,2022,-750.949,2,,,6
OECD.TAD.ARP:DSD_AGR_POLIND@DF_COMM(1.2),EU,A,EFC,CPC_EX_PK,EUR,2024,108.1547,2,,,6
OECD.TAD.ARP:DSD_AGR_POLIND@DF_COMM(1.2),EU,A,EFC,CPC_EX_PK,EUR,2023,129.3773,2,,,6
OECD.TAD.ARP:DSD_AGR_POLIND@DF_COMM(1.2),USA,A,EFC,CPC_EX_PK,EUR,2023,0,2,,,6
OECD.TAD.ARP:DSD_AGR_POLIND@DF_COMM(1.2),USA,A,EFC,CPC_0141,EUR,2023,0,2,,,6
OECD.TAD.ARP:DSD_AGR_POLIND@DF_COMM(1.2),USA,A,EFC,CPC_0112,EUR,2023,0,2,,,6
OECD.TAD.ARP:DSD_AGR_POLIND@DF_COMM(1.2),USA,A,EFC,CPC_0112,EUR,2022,0,2,,,6
OECD.TAD.ARP:DSD_AGR_POLIND@DF_COMM(1.2),USA,A,EFC,CPC_0141,EUR,2022,0,2,,,6
OECD.TAD.ARP:DSD_AGR_POLIND@DF_COMM(1.2),USA,A,EFC,CPC_EX_PK,EUR,2022,0,2,,,6
OECD.TAD.ARP:DSD_AGR_POLIND@DF_COMM(1.2),USA,A,EFC,CPC_EX_BV,EUR,2022,0,2,,,6
OECD.TAD.ARP:DSD_AGR_POLIND@DF_COMM(1.2),USA,A,EFC,CPC_EX_PT,EUR,2022,0,2,,,6
OECD.TAD.ARP:DSD_AGR_POLIND@DF_COMM(1.2),EU,A,EFC,CPC_0112,EUR,2022,0,2,,,6
OECD.TAD.ARP:DSD_AGR_POLIND@DF_COMM(1.2),KOR,A,EFC,CPC_EX_PK,EUR,2024,0,2,,,6
OECD.TAD.ARP:DSD_AGR_POLIND@DF_COMM(1.2),KOR,A,EFC,CPC_0141,EUR,2024,0,2,,,6
OECD.TAD.ARP:DSD_AGR_POLIND@DF_COMM(1.2),KOR,A,EFC,CPC_EX_BV,EUR,2024,0,2,,,6
OECD.TAD.ARP:DSD_AGR_POLIND@DF_COMM(1.2),KOR,A,EFC,CPC_EX_PT,EUR,2024,0,2,,,6
OECD.TAD.ARP:DSD_AGR_POLIND@DF_COMM(1.2),KOR,A,EFC,CPC_EX_PT,EUR,2023,0,2,,,6
OECD.TAD.ARP:DSD_AGR_POLIND@DF_COMM(1.2),KOR,A,EFC,CPC_EX_BV,EUR,2023,0,2,,,6
OECD.TAD.ARP:DSD_AGR_POLIND@DF_COMM(1.2),KOR,A,EFC,CPC_0141,EUR,2023,0,2,,,6
OECD.TAD.ARP:DSD_AGR_POLIND@DF_COMM(1.2),KOR,A,EFC,CPC_EX_PK,EUR,2023,0,2,,,6
OECD.TAD.ARP:DSD_AGR_POLIND@DF_COMM(1.2),KOR,A,EFC,CPC_EX_PK,EUR,2022,0,2,,,6
OECD.TAD.ARP:DSD_AGR_POLIND@DF_COMM(1.2),KOR,A,EFC,CPC_0141,EUR,2022,0,2,,,6
OECD.TAD.ARP:DSD_AGR_POLIND@DF_COMM(1.2),KOR,A,EFC,CPC_EX_BV,EUR,2022,0,2,,,6
OECD.TAD.ARP:DSD_AGR_POLIND@DF_COMM(1.2),KOR,A,EFC,CPC_EX_PT,EUR,2022,0,2,,,6
OECD.TAD.ARP:DSD_AGR_POLIND@DF_COMM(1.2),USA,A,EFC,CPC_0112,EUR,2024,0,2,,,6
OECD.TAD.ARP:DSD_AGR_POLIND@DF_COMM(1.2),USA,A,EFC,CPC_0141,EUR,2024,0,2,,,6
OECD.TAD.ARP:DSD_AGR_POLIND@DF_COMM(1.2),USA,A,EFC,CPC_EX_PK,EUR,2024,0,2,,,6
OECD.TAD.ARP:DSD_AGR_POLIND@DF_COMM(1.2),USA,A,EFC,CPC_EX_BV,EUR,2024,0,2,,,6
OECD.TAD.ARP:DSD_AGR_POLIND@DF_COMM(1.2),USA,A,EFC,CPC_EX_PT,EUR,2024,0,2,,,6
OECD.TAD.ARP:DSD_AGR_POLIND@DF_COMM(1.2),USA,A,EFC,CPC_EX_PT,EUR,2023,0,2,,,6
OECD.TAD.ARP:DSD_AGR_POLIND@DF_COMM(1.2),USA,A,EFC,CPC_EX_BV,EUR,2023,0,2,,,6
OECD.TAD.ARP:DSD_AGR_POLIND@DF_COMM(1.2),EU,A,EFC,CPC_EX_PK,EUR,2022,2.9689,2,,,6
OECD.TAD.ARP:DSD_AGR_POLIND@DF_COMM(1.2),RUS,A,EFC,CPC_EX_BV,EUR,2024,-72.9972,2,,,6
OECD.TAD.ARP:DSD_AGR_POLIND@DF_COMM(1.2),RUS,A,EFC,CPC_EX_BV,EUR,2023,-172.9071,2,,,6
OECD.TAD.ARP:DSD_AGR_POLIND@DF_COMM(1.2),RUS,A,EFC,CPC_EX_BV,EUR,2022,-261.5227,2,,,6
OECD.TAD.ARP:DSD_AGR_POLIND@DF_COMM(1.2),EU,A,EFC,CPC_EX_BV,EUR,2024,40.1992,2,,,6
OECD.TAD.ARP:DSD_AGR_POLIND@DF_COMM(1.2),EU,A,EFC,CPC_EX_BV,EUR,2023,45.8256,2,,,6
OECD.TAD.ARP:DSD_AGR_POLIND@DF_COMM(1.2),EU,A,EFC,CPC_EX_BV,EUR,2022,1.1465,2,,,6
OECD.TAD.ARP:DSD_AGR_POLIND@DF_COMM(1.2),RUS,A,EFC,CPC_EX_PT,EUR,2024,-144.7459,2,,,6
OECD.TAD.ARP:DSD_AGR_POLIND@DF_COMM(1.2),RUS,A,EFC,CPC_EX_PT,EUR,2023,-342.2561,2,,,6
OECD.TAD.ARP:DSD_AGR_POLIND@DF_COMM(1.2),RUS,A,EFC,CPC_EX_PT,EUR,2022,-558.3392,2,,,6
OECD.TAD.ARP:DSD_AGR_POLIND@DF_COMM(1.2),IND,A,EFC,CPC_EX_PT,EUR,2024,182.1193,2,,,6
OECD.TAD.ARP:DSD_AGR_POLIND@DF_COMM(1.2),IND,A,EFC,CPC_EX_PT,EUR,2023,-15.5217,2,,,6
OECD.TAD.ARP:DSD_AGR_POLIND@DF_COMM(1.2),IND,A,EFC,CPC_EX_PT,EUR,2022,-315.0545,2,,,6
OECD.TAD.ARP:DSD_AGR_POLIND@DF_COMM(1.2),EU,A,EFC,CPC_EX_PT,EUR,2024,51.42,2,,,6
OECD.TAD.ARP:DSD_AGR_POLIND@DF_COMM(1.2),EU,A,EFC,CPC_EX_PT,EUR,2023,96.1381,2,,,6
OECD.TAD.ARP:DSD_AGR_POLIND@DF_COMM(1.2),EU,A,EFC,CPC_EX_PT,EUR,2022,0.7528,2,,,6
OECD.TAD.ARP:DSD_AGR_POLIND@DF_COMM(1.2),BRA,A,EFC,CPC_0141,EUR,2024,0,2,,,6
OECD.TAD.ARP:DSD_AGR_POLIND@DF_COMM(1.2),BRA,A,EFC,CPC_EX_BV,EUR,2024,0,2,,,6
OECD.TAD.ARP:DSD_AGR_POLIND@DF_COMM(1.2),BRA,A,EFC,CPC_EX_PK,EUR,2024,0,2,,,6
OECD.TAD.ARP:DSD_AGR_POLIND@DF_COMM(1.2),BRA,A,EFC,CPC_EX_PT,EUR,2024,0,2,,,6
OECD.TAD.ARP:DSD_AGR_POLIND@DF_COMM(1.2),BRA,A,EFC,CPC_0112,EUR,2024,0,2,,,6
OECD.TAD.ARP:DSD_AGR_POLIND@DF_COMM(1.2),BRA,A,EFC,CPC_EX_PT,EUR,2023,0,2,,,6
OECD.TAD.ARP:DSD_AGR_POLIND@DF_COMM(1.2),BRA,A,EFC,CPC_EX_PK,EUR,2023,0,2,,,6
OECD.TAD.ARP:DSD_AGR_POLIND@DF_COMM(1.2),BRA,A,EFC,CPC_EX_BV,EUR,2023,0,2,,,6
OECD.TAD.ARP:DSD_AGR_POLIND@DF_COMM(1.2),BRA,A,EFC,CPC_0141,EUR,2023,0,2,,,6
OECD.TAD.ARP:DSD_AGR_POLIND@DF_COMM(1.2),BRA,A,EFC,CPC_0141,EUR,2022,0,2,,,6
OECD.TAD.ARP:DSD_AGR_POLIND@DF_COMM(1.2),BRA,A,EFC,CPC_EX_BV,EUR,2022,0,2,,,6
OECD.TAD.ARP:DSD_AGR_POLIND@DF_COMM(1.2),BRA,A,EFC,CPC_EX_PK,EUR,2022,0,2,,,6
OECD.TAD.ARP:DSD_AGR_POLIND@DF_COMM(1.2),BRA,A,EFC,CPC_EX_PT,EUR,2022,0,2,,,6
OECD.TAD.ARP:DSD_AGR_POLIND@DF_COMM(1.2),BRA,A,EFC,CPC_0112,EUR,2022,0,2,,,6
OECD.TAD.ARP:DSD_AGR_POLIND@DF_COMM(1.2),IND,A,EFC,CPC_EX_BV,EUR,2024,0,2,,,6
OECD.TAD.ARP:DSD_AGR_POLIND@DF_COMM(1.2),IND,A,EFC,CPC_0141,EUR,2024,0,2,,,6
OECD.TAD.ARP:DSD_AGR_POLIND@DF_COMM(1.2),IND,A,EFC,CPC_0141,EUR,2023,0,2,,,6
OECD.TAD.ARP:DSD_AGR_POLIND@DF_COMM(1.2),IND,A,EFC,CPC_EX_BV,EUR,2023,0,2,,,6
OECD.TAD.ARP:DSD_AGR_POLIND@DF_COMM(1.2),IND,A,EFC,CPC_EX_BV,EUR,2022,0,2,,,6
OECD.TAD.ARP:DSD_AGR_POLIND@DF_COMM(1.2),IND,A,EFC,CPC_0141,EUR,2022,0,2,,,6
OECD.TAD.ARP:DSD_AGR_POLIND@DF_COMM(1.2),EU,A,EFC,CPC_0141,EUR,2024,0,2,,,6
OECD.TAD.ARP:DSD_AGR_POLIND@DF_COMM(1.2),EU,A,EFC,CPC_0112,EUR,2024,0,2,,,6
OECD.TAD.ARP:DSD_AGR_POLIND@DF_COMM(1.2),EU,A,EFC,CPC_0112,EUR,2023,0,2,,,6
OECD.TAD.ARP:DSD_AGR_POLIND@DF_COMM(1.2),EU,A,EFC,CPC_0141,EUR,2023,0,2,,,6
OECD.TAD.ARP:DSD_AGR_POLIND@DF_COMM(1.2),EU,A,EFC,CPC_0141,EUR,2022,0,2,,,6
OECD.TAD.ARP:DSD_AGR_POLIND@DF_COMM(1.2),RUS,A,EFC,CPC_0112,EUR,2024,-229.5314,2,,,6
OECD.TAD.ARP:DSD_AGR_POLIND@DF_COMM(1.2),RUS,A,EFC,CPC_0112,EUR,2023,-635.0697,2,,,6
OECD.TAD.ARP:DSD_AGR_POLIND@DF_COMM(1.2),RUS,A,EFC,CPC_0112,EUR,2022,-275.1511,2,,,6
OECD.TAD.ARP:DSD_AGR_POLIND@DF_COMM(1.2),IND,A,EFC,CPC_0112,EUR,2024,817.746,2,,,6
OECD.TAD.ARP:DSD_AGR_POLIND@DF_COMM(1.2),IND,A,EFC,CPC_0112,EUR,2023,-69.9472,2,,,6
OECD.TAD.ARP:DSD_AGR_POLIND@DF_COMM(1.2),IND,A,EFC,CPC_0112,EUR,2022,-1424.9194,2,,,6
OECD.TAD.ARP:DSD_AGR_POLIND@DF_COMM(1.2),BRA,A,EFC,CPC_0112,EUR,2023,1257.2422,2,,,6
OECD.TAD.ARP:DSD_AGR_POLIND@DF_COMM(1.2),RUS,A,EFC,CPC_EX_PK,EUR,2024,-195.9246,2,,,6
OECD.TAD.ARP:DSD_AGR_POLIND@DF_COMM(1.2),RUS,A,EFC,CPC_EX_PK,USD,2022,-790.7856,2,,,6
OECD.TAD.ARP:DSD_AGR_POLIND@DF_COMM(1.2),EU,A,EFC,CPC_EX_PK,USD,2024,117.0645,2,,,6
OECD.TAD.ARP:DSD_AGR_POLIND@DF_COMM(1.2),EU,A,EFC,CPC_EX_PK,USD,2023,139.8916,2,,,6
OECD.TAD.ARP:DSD_AGR_POLIND@DF_COMM(1.2),USA,A,EFC,CPC_EX_PK,USD,2023,0,2,,,6
OECD.TAD.ARP:DSD_AGR_POLIND@DF_COMM(1.2),USA,A,EFC,CPC_EX_PT,USD,2023,0,2,,,6
OECD.TAD.ARP:DSD_AGR_POLIND@DF_COMM(1.2),USA,A,EFC,CPC_EX_BV,USD,2023,0,2,,,6
OECD.TAD.ARP:DSD_AGR_POLIND@DF_COMM(1.2),USA,A,EFC,CPC_EX_BV,USD,2022,0,2,,,6
OECD.TAD.ARP:DSD_AGR_POLIND@DF_COMM(1.2),USA,A,EFC,CPC_EX_PT,USD,2022,0,2,,,6
OECD.TAD.ARP:DSD_AGR_POLIND@DF_COMM(1.2),USA,A,EFC,CPC_EX_PK,USD,2022,0,2,,,6
OECD.TAD.ARP:DSD_AGR_POLIND@DF_COMM(1.2),USA,A,EFC,CPC_0141,USD,2022,0,2,,,6
OECD.TAD.ARP:DSD_AGR_POLIND@DF_COMM(1.2),USA,A,EFC,CPC_0112,USD,2022,0,2,,,6
OECD.TAD.ARP:DSD_AGR_POLIND@DF_COMM(1.2),EU,A,EFC,CPC_0112,USD,2022,0,2,,,6
OECD.TAD.ARP:DSD_AGR_POLIND@DF_COMM(1.2),KOR,A,EFC,CPC_0141,USD,2024,0,2,,,6
OECD.TAD.ARP:DSD_AGR_POLIND@DF_COMM(1.2),KOR,A,EFC,CPC_EX_BV,USD,2024,0,2,,,6
OECD.TAD.ARP:DSD_AGR_POLIND@DF_COMM(1.2),KOR,A,EFC,CPC_EX_PT,USD,2024,0,2,,,6
OECD.TAD.ARP:DSD_AGR_POLIND@DF_COMM(1.2),KOR,A,EFC,CPC_EX_PK,USD,2024,0,2,,,6
OECD.TAD.ARP:DSD_AGR_POLIND@DF_COMM(1.2),KOR,A,EFC,CPC_EX_PK,USD,2023,0,2,,,6
OECD.TAD.ARP:DSD_AGR_POLIND@DF_COMM(1.2),KOR,A,EFC,CPC_EX_PT,USD,2023,0,2,,,6
OECD.TAD.ARP:DSD_AGR_POLIND@DF_COMM(1.2),KOR,A,EFC,CPC_EX_BV,USD,2023,0,2,,,6
OECD.TAD.ARP:DSD_AGR_POLIND@DF_COMM(1.2),KOR,A,EFC,CPC_0141,USD,2023,0,2,,,6
OECD.TAD.ARP:DSD_AGR_POLIND@DF_COMM(1.2),KOR,A,EFC,CPC_0141,USD,2022,0,2,,,6
OECD.TAD.ARP:DSD_AGR_POLIND@DF_COMM(1.2),KOR,A,EFC,CPC_EX_BV,USD,2022,0,2,,,6
OECD.TAD.ARP:DSD_AGR_POLIND@DF_COMM(1.2),KOR,A,EFC,CPC_EX_PT,USD,2022,0,2,,,6
OECD.TAD.ARP:DSD_AGR_POLIND@DF_COMM(1.2),KOR,A,EFC,CPC_EX_PK,USD,2022,0,2,,,6
OECD.TAD.ARP:DSD_AGR_POLIND@DF_COMM(1.2),USA,A,EFC,CPC_EX_BV,USD,2024,0,2,,,6
OECD.TAD.ARP:DSD_AGR_POLIND@DF_COMM(1.2),USA,A,EFC,CPC_EX_PT,USD,2024,0,2,,,6
OECD.TAD.ARP:DSD_AGR_POLIND@DF_COMM(1.2),USA,A,EFC,CPC_EX_PK,USD,2024,0,2,,,6
OECD.TAD.ARP:DSD_AGR_POLIND@DF_COMM(1.2),USA,A,EFC,CPC_0141,USD,2024,0,2,,,6
OECD.TAD.ARP:DSD_AGR_POLIND@DF_COMM(1.2),USA,A,EFC,CPC_0112,USD,2024,0,2,,,6
OECD.TAD.ARP:DSD_AGR_POLIND@DF_COMM(1.2),USA,A,EFC,CPC_0112,USD,2023,0,2,,,6
OECD.TAD.ARP:DSD_AGR_POLIND@DF_COMM(1.2),USA,A,EFC,CPC_0141,USD,2023,0,2,,,6
OECD.TAD.ARP:DSD_AGR_POLIND@DF_COMM(1.2),EU,A,EFC,CPC_EX_PK,USD,2022,3.1264,2,,,6
OECD.TAD.ARP:DSD_AGR_POLIND@DF_COMM(1.2),RUS,A,EFC,CPC_EX_BV,USD,2024,-79.0108,2,,,6
OECD.TAD.ARP:DSD_AGR_POLIND@DF_COMM(1.2),RUS,A,EFC,CPC_EX_BV,USD,2023,-186.9589,2,,,6
OECD.TAD.ARP:DSD_AGR_POLIND@DF_COMM(1.2),RUS,A,EFC,CPC_EX_BV,USD,2022,-275.396,2,,,6
OECD.TAD.ARP:DSD_AGR_POLIND@DF_COMM(1.2),EU,A,EFC,CPC_EX_BV,USD,2024,43.5108,2,,,6
OECD.TAD.ARP:DSD_AGR_POLIND@DF_COMM(1.2),EU,A,EFC,CPC_EX_BV,USD,2023,49.5497,2,,,6
OECD.TAD.ARP:DSD_AGR_POLIND@DF_COMM(1.2),EU,A,EFC,CPC_EX_BV,USD,2022,1.2073,2,,,6
OECD.TAD.ARP:DSD_AGR_POLIND@DF_COMM(1.2),RUS,A,EFC,CPC_EX_PT,USD,2024,-156.67,2,,,6
OECD.TAD.ARP:DSD_AGR_POLIND@DF_COMM(1.2),RUS,A,EFC,CPC_EX_PT,USD,2023,-370.0706,2,,,6
OECD.TAD.ARP:DSD_AGR_POLIND@DF_COMM(1.2),RUS,A,EFC,CPC_EX_PT,USD,2022,-587.9582,2,,,6
OECD.TAD.ARP:DSD_AGR_POLIND@DF_COMM(1.2),IND,A,EFC,CPC_EX_PT,USD,2024,197.1222,2,,,6
OECD.TAD.ARP:DSD_AGR_POLIND@DF_COMM(1.2),IND,A,EFC,CPC_EX_PT,USD,2023,-16.7831,2,,,6
OECD.TAD.ARP:DSD_AGR_POLIND@DF_COMM(1.2),IND,A,EFC,CPC_EX_PT,USD,2022,-331.7676,2,,,6
OECD.TAD.ARP:DSD_AGR_POLIND@DF_COMM(1.2),EU,A,EFC,CPC_EX_PT,USD,2024,55.6559,2,,,6
OECD.TAD.ARP:DSD_AGR_POLIND@DF_COMM(1.2),EU,A,EFC,CPC_EX_PT,USD,2023,103.9511,2,,,6
OECD.TAD.ARP:DSD_AGR_POLIND@DF_COMM(1.2),EU,A,EFC,CPC_EX_PT,USD,2022,0.7927,2,,,6
OECD.TAD.ARP:DSD_AGR_POLIND@DF_COMM(1.2),BRA,A,EFC,CPC_0141,USD,2024,0,2,,,6
OECD.TAD.ARP:DSD_AGR_POLIND@DF_COMM(1.2),BRA,A,EFC,CPC_0112,USD,2024,0,2,,,6
OECD.TAD.ARP:DSD_AGR_POLIND@DF_COMM(1.2),BRA,A,EFC,CPC_EX_PT,USD,2024,0,2,,,6
OECD.TAD.ARP:DSD_AGR_POLIND@DF_COMM(1.2),BRA,A,EFC,CPC_EX_PK,USD,2024,0,2,,,6
OECD.TAD.ARP:DSD_AGR_POLIND@DF_COMM(1.2),BRA,A,EFC,CPC_EX_BV,USD,2024,0,2,,,6
OECD.TAD.ARP:DSD_AGR_POLIND@DF_COMM(1.2),BRA,A,EFC,CPC_EX_BV,USD,2023,0,2,,,6
OECD.TAD.ARP:DSD_AGR_POLIND@DF_COMM(1.2),BRA,A,EFC,CPC_EX_PK,USD,2023,0,2,,,6
OECD.TAD.ARP:DSD_AGR_POLIND@DF_COMM(1.2),BRA,A,EFC,CPC_EX_PT,USD,2023,0,2,,,6
OECD.TAD.ARP:DSD_AGR_POLIND@DF_COMM(1.2),BRA,A,EFC,CPC_0141,USD,2023,0,2,,,6
OECD.TAD.ARP:DSD_AGR_POLIND@DF_COMM(1.2),BRA,A,EFC,CPC_0141,USD,2022,0,2,,,6
OECD.TAD.ARP:DSD_AGR_POLIND@DF_COMM(1.2),BRA,A,EFC,CPC_0112,USD,2022,0,2,,,6
OECD.TAD.ARP:DSD_AGR_POLIND@DF_COMM(1.2),BRA,A,EFC,CPC_EX_PT,USD,2022,0,2,,,6
OECD.TAD.ARP:DSD_AGR_POLIND@DF_COMM(1.2),BRA,A,EFC,CPC_EX_PK,USD,2022,0,2,,,6
OECD.TAD.ARP:DSD_AGR_POLIND@DF_COMM(1.2),BRA,A,EFC,CPC_EX_BV,USD,2022,0,2,,,6
OECD.TAD.ARP:DSD_AGR_POLIND@DF_COMM(1.2),IND,A,EFC,CPC_EX_BV,USD,2024,0,2,,,6
OECD.TAD.ARP:DSD_AGR_POLIND@DF_COMM(1.2),IND,A,EFC,CPC_0141,USD,2024,0,2,,,6
OECD.TAD.ARP:DSD_AGR_POLIND@DF_COMM(1.2),IND,A,EFC,CPC_0141,USD,2023,0,2,,,6
OECD.TAD.ARP:DSD_AGR_POLIND@DF_COMM(1.2),IND,A,EFC,CPC_EX_BV,USD,2023,0,2,,,6
OECD.TAD.ARP:DSD_AGR_POLIND@DF_COMM(1.2),IND,A,EFC,CPC_EX_BV,USD,2022,0,2,,,6
OECD.TAD.ARP:DSD_AGR_POLIND@DF_COMM(1.2),IND,A,EFC,CPC_0141,USD,2022,0,2,,,6
OECD.TAD.ARP:DSD_AGR_POLIND@DF_COMM(1.2),EU,A,EFC,CPC_0141,USD,2024,0,2,,,6
OECD.TAD.ARP:DSD_AGR_POLIND@DF_COMM(1.2),EU,A,EFC,CPC_0112,USD,2024,0,2,,,6
OECD.TAD.ARP:DSD_AGR_POLIND@DF_COMM(1.2),EU,A,EFC,CPC_0112,USD,2023,0,2,,,6
OECD.TAD.ARP:DSD_AGR_POLIND@DF_COMM(1.2),EU,A,EFC,CPC_0141,USD,2023,0,2,,,6
OECD.TAD.ARP:DSD_AGR_POLIND@DF_COMM(1.2),EU,A,EFC,CPC_0141,USD,2022,0,2,,,6
OECD.TAD.ARP:DSD_AGR_POLIND@DF_COMM(1.2),RUS,A,EFC,CPC_0112,USD,2024,-248.4401,2,,,6
OECD.TAD.ARP:DSD_AGR_POLIND@DF_COMM(1.2),RUS,A,EFC,CPC_0112,USD,2023,-686.6807,2,,,6
OECD.TAD.ARP:DSD_AGR_POLIND@DF_COMM(1.2),RUS,A,EFC,CPC_0112,USD,2022,-289.7474,2,,,6
OECD.TAD.ARP:DSD_AGR_POLIND@DF_COMM(1.2),IND,A,EFC,CPC_0112,USD,2024,885.1119,2,,,6
OECD.TAD.ARP:DSD_AGR_POLIND@DF_COMM(1.2),IND,A,EFC,CPC_0112,USD,2023,-75.6317,2,,,6
OECD.TAD.ARP:DSD_AGR_POLIND@DF_COMM(1.2),IND,A,EFC,CPC_0112,USD,2022,-1500.5091,2,,,6
OECD.TAD.ARP:DSD_AGR_POLIND@DF_COMM(1.2),BRA,A,EFC,CPC_0112,USD,2023,1359.4159,2,,,6
OECD.TAD.ARP:DSD_AGR_POLIND@DF_COMM(1.2),RUS,A,EFC,CPC_EX_PK,USD,2024,-212.0649,2,,,6
OECD.TAD.ARP:DSD_AGR_POLIND@DF_COMM(1.2),RUS,A,EFC,CPC_0112,XDC,2024,-23076.0549,2,,RUB,6
OECD.TAD.ARP:DSD_AGR_POLIND@DF_COMM(1.2),RUS,A,EFC,CPC_0112,XDC,2023,-58735.6625,2,,RUB,6
OECD.TAD.ARP:DSD_AGR_POLIND@DF_COMM(1.2),RUS,A,EFC,CPC_0112,XDC,2022,-20258.238,2,,RUB,6
OECD.TAD.ARP:DSD_AGR_POLIND@DF_COMM(1.2),KOR,A,EFC,CPC_EX_PT,XDC,2023,0,2,,KRW,9
OECD.TAD.ARP:DSD_AGR_POLIND@DF_COMM(1.2),KOR,A,EFC,CPC_0141,XDC,2023,0,2,,KRW,9
OECD.TAD.ARP:DSD_AGR_POLIND@DF_COMM(1.2),KOR,A,EFC,CPC_EX_BV,XDC,2023,0,2,,KRW,9
OECD.TAD.ARP:DSD_AGR_POLIND@DF_COMM(1.2),KOR,A,EFC,CPC_EX_PK,XDC,2023,0,2,,KRW,9
OECD.TAD.ARP:DSD_AGR_POLIND@DF_COMM(1.2),KOR,A,EFC,CPC_EX_PK,XDC,2022,0,2,,KRW,9
OECD.TAD.ARP:DSD_AGR_POLIND@DF_COMM(1.2),KOR,A,EFC,CPC_EX_BV,XDC,2022,0,2,,KRW,9
OECD.TAD.ARP:DSD_AGR_POLIND@DF_COMM(1.2),KOR,A,EFC,CPC_0141,XDC,2022,0,2,,KRW,9
OECD.TAD.ARP:DSD_AGR_POLIND@DF_COMM(1.2),KOR,A,EFC,CPC_EX_PT,XDC,2022,0,2,,KRW,9
OECD.TAD.ARP:DSD_AGR_POLIND@DF_COMM(1.2),BRA,A,EFC,CPC_0112,XDC,2022,0,2,,BRL,6
OECD.TAD.ARP:DSD_AGR_POLIND@DF_COMM(1.2),BRA,A,EFC,CPC_EX_PK,XDC,2022,0,2,,BRL,6
OECD.TAD.ARP:DSD_AGR_POLIND@DF_COMM(1.2),BRA,A,EFC,CPC_EX_BV,XDC,2022,0,2,,BRL,6
OECD.TAD.ARP:DSD_AGR_POLIND@DF_COMM(1.2),BRA,A,EFC,CPC_0141,XDC,2022,0,2,,BRL,6
OECD.TAD.ARP:DSD_AGR_POLIND@DF_COMM(1.2),IND,A,EFC,CPC_0141,XDC,2024,0,2,,INR,6
OECD.TAD.ARP:DSD_AGR_POLIND@DF_COMM(1.2),IND,A,EFC,CPC_EX_BV,XDC,2024,0,2,,INR,6
OECD.TAD.ARP:DSD_AGR_POLIND@DF_COMM(1.2),IND,A,EFC,CPC_EX_BV,XDC,2023,0,2,,INR,6
OECD.TAD.ARP:DSD_AGR_POLIND@DF_COMM(1.2),IND,A,EFC,CPC_0141,XDC,2023,0,2,,INR,6
OECD.TAD.ARP:DSD_AGR_POLIND@DF_COMM(1.2),IND,A,EFC,CPC_0141,XDC,2022,0,2,,INR,6
OECD.TAD.ARP:DSD_AGR_POLIND@DF_COMM(1.2),IND,A,EFC,CPC_EX_BV,XDC,2022,0,2,,INR,6
OECD.TAD.ARP:DSD_AGR_POLIND@DF_COMM(1.2),EU,A,EFC,CPC_0112,XDC,2024,0,2,,EUR,6
OECD.TAD.ARP:DSD_AGR_POLIND@DF_COMM(1.2),EU,A,EFC,CPC_0141,XDC,2024,0,2,,EUR,6
OECD.TAD.ARP:DSD_AGR_POLIND@DF_COMM(1.2),EU,A,EFC,CPC_0141,XDC,2023,0,2,,EUR,6
OECD.TAD.ARP:DSD_AGR_POLIND@DF_COMM(1.2),EU,A,EFC,CPC_0112,XDC,2023,0,2,,EUR,6
OECD.TAD.ARP:DSD_AGR_POLIND@DF_COMM(1.2),EU,A,EFC,CPC_0112,XDC,2022,0,2,,EUR,6
OECD.TAD.ARP:DSD_AGR_POLIND@DF_COMM(1.2),EU,A,EFC,CPC_0141,XDC,2022,0,2,,EUR,6
OECD.TAD.ARP:DSD_AGR_POLIND@DF_COMM(1.2),KOR,A,EFC,CPC_EX_PK,XDC,2024,0,2,,KRW,9
OECD.TAD.ARP:DSD_AGR_POLIND@DF_COMM(1.2),KOR,A,EFC,CPC_EX_BV,XDC,2024,0,2,,KRW,9
OECD.TAD.ARP:DSD_AGR_POLIND@DF_COMM(1.2),KOR,A,EFC,CPC_0141,XDC,2024,0,2,,KRW,9
OECD.TAD.ARP:DSD_AGR_POLIND@DF_COMM(1.2),KOR,A,EFC,CPC_EX_PT,XDC,2024,0,2,,KRW,9
OECD.TAD.ARP:DSD_AGR_POLIND@DF_COMM(1.2),IND,A,EFC,CPC_0112,XDC,2024,74501.9394,2,,INR,6
OECD.TAD.ARP:DSD_AGR_POLIND@DF_COMM(1.2),IND,A,EFC,CPC_0112,XDC,2023,-6260.0927,2,,INR,6
OECD.TAD.ARP:DSD_AGR_POLIND@DF_COMM(1.2),IND,A,EFC,CPC_0112,XDC,2022,-120586.0841,2,,INR,6
OECD.TAD.ARP:DSD_AGR_POLIND@DF_COMM(1.2),BRA,A,EFC,CPC_0112,XDC,2023,6789.4394,2,,BRL,6
OECD.TAD.ARP:DSD_AGR_POLIND@DF_COMM(1.2),RUS,A,EFC,CPC_EX_PK,XDC,2024,-19697.3857,2,,RUB,6
OECD.TAD.ARP:DSD_AGR_POLIND@DF_COMM(1.2),RUS,A,EFC,CPC_EX_PK,XDC,2023,-42921.5983,2,,RUB,6
OECD.TAD.ARP:DSD_AGR_POLIND@DF_COMM(1.2),RUS,A,EFC,CPC_EX_PK,XDC,2022,-55289.2701,2,,RUB,6
OECD.TAD.ARP:DSD_AGR_POLIND@DF_COMM(1.2),EU,A,EFC,CPC_EX_PK,XDC,2024,108.1547,2,,EUR,6
OECD.TAD.ARP:DSD_AGR_POLIND@DF_COMM(1.2),EU,A,EFC,CPC_EX_PK,XDC,2023,129.3773,2,,EUR,6
OECD.TAD.ARP:DSD_AGR_POLIND@DF_COMM(1.2),EU,A,EFC,CPC_EX_PK,XDC,2022,2.9689,2,,EUR,6
OECD.TAD.ARP:DSD_AGR_POLIND@DF_COMM(1.2),RUS,A,EFC,CPC_EX_BV,XDC,2024,-7338.8157,2,,RUB,6
OECD.TAD.ARP:DSD_AGR_POLIND@DF_COMM(1.2),RUS,A,EFC,CPC_EX_BV,XDC,2023,-15991.6501,2,,RUB,6
OECD.TAD.ARP:DSD_AGR_POLIND@DF_COMM(1.2),RUS,A,EFC,CPC_EX_BV,XDC,2022,-19254.832,2,,RUB,6
OECD.TAD.ARP:DSD_AGR_POLIND@DF_COMM(1.2),EU,A,EFC,CPC_EX_BV,XDC,2024,40.1992,2,,EUR,6
OECD.TAD.ARP:DSD_AGR_POLIND@DF_COMM(1.2),EU,A,EFC,CPC_EX_BV,XDC,2023,45.8256,2,,EUR,6
OECD.TAD.ARP:DSD_AGR_POLIND@DF_COMM(1.2),EU,A,EFC,CPC_EX_BV,XDC,2022,1.1465,2,,EUR,6
OECD.TAD.ARP:DSD_AGR_POLIND@DF_COMM(1.2),USA,A,EFC,CPC_0141,XDC,2024,0,2,,USD,6
OECD.TAD.ARP:DSD_AGR_POLIND@DF_COMM(1.2),USA,A,EFC,CPC_EX_PT,XDC,2024,0,2,,USD,6
OECD.TAD.ARP:DSD_AGR_POLIND@DF_COMM(1.2),USA,A,EFC,CPC_EX_PK,XDC,2024,0,2,,USD,6
OECD.TAD.ARP:DSD_AGR_POLIND@DF_COMM(1.2),USA,A,EFC,CPC_0112,XDC,2024,0,2,,USD,6
OECD.TAD.ARP:DSD_AGR_POLIND@DF_COMM(1.2),USA,A,EFC,CPC_EX_BV,XDC,2024,0,2,,USD,6
OECD.TAD.ARP:DSD_AGR_POLIND@DF_COMM(1.2),USA,A,EFC,CPC_EX_BV,XDC,2023,0,2,,USD,6
OECD.TAD.ARP:DSD_AGR_POLIND@DF_COMM(1.2),USA,A,EFC,CPC_0112,XDC,2023,0,2,,USD,6
OECD.TAD.ARP:DSD_AGR_POLIND@DF_COMM(1.2),USA,A,EFC,CPC_EX_PK,XDC,2023,0,2,,USD,6
OECD.TAD.ARP:DSD_AGR_POLIND@DF_COMM(1.2),USA,A,EFC,CPC_EX_PT,XDC,2023,0,2,,USD,6
OECD.TAD.ARP:DSD_AGR_POLIND@DF_COMM(1.2),USA,A,EFC,CPC_0141,XDC,2023,0,2,,USD,6
OECD.TAD.ARP:DSD_AGR_POLIND@DF_COMM(1.2),USA,A,EFC,CPC_0141,XDC,2022,0,2,,USD,6
OECD.TAD.ARP:DSD_AGR_POLIND@DF_COMM(1.2),USA,A,EFC,CPC_EX_PT,XDC,2022,0,2,,USD,6
OECD.TAD.ARP:DSD_AGR_POLIND@DF_COMM(1.2),USA,A,EFC,CPC_EX_PK,XDC,2022,0,2,,USD,6
OECD.TAD.ARP:DSD_AGR_POLIND@DF_COMM(1.2),USA,A,EFC,CPC_0112,XDC,2022,0,2,,USD,6
OECD.TAD.ARP:DSD_AGR_POLIND@DF_COMM(1.2),USA,A,EFC,CPC_EX_BV,XDC,2022,0,2,,USD,6
OECD.TAD.ARP:DSD_AGR_POLIND@DF_COMM(1.2),BRA,A,EFC,CPC_EX_PT,XDC,2024,0,2,,BRL,6
OECD.TAD.ARP:DSD_AGR_POLIND@DF_COMM(1.2),BRA,A,EFC,CPC_0112,XDC,2024,0,2,,BRL,6
OECD.TAD.ARP:DSD_AGR_POLIND@DF_COMM(1.2),BRA,A,EFC,CPC_EX_PK,XDC,2024,0,2,,BRL,6
OECD.TAD.ARP:DSD_AGR_POLIND@DF_COMM(1.2),BRA,A,EFC,CPC_EX_BV,XDC,2024,0,2,,BRL,6
OECD.TAD.ARP:DSD_AGR_POLIND@DF_COMM(1.2),BRA,A,EFC,CPC_0141,XDC,2024,0,2,,BRL,6
OECD.TAD.ARP:DSD_AGR_POLIND@DF_COMM(1.2),BRA,A,EFC,CPC_0141,XDC,2023,0,2,,BRL,6
OECD.TAD.ARP:DSD_AGR_POLIND@DF_COMM(1.2),BRA,A,EFC,CPC_EX_BV,XDC,2023,0,2,,BRL,6
OECD.TAD.ARP:DSD_AGR_POLIND@DF_COMM(1.2),BRA,A,EFC,CPC_EX_PK,XDC,2023,0,2,,BRL,6
OECD.TAD.ARP:DSD_AGR_POLIND@DF_COMM(1.2),BRA,A,EFC,CPC_EX_PT,XDC,2023,0,2,,BRL,6
OECD.TAD.ARP:DSD_AGR_POLIND@DF_COMM(1.2),BRA,A,EFC,CPC_EX_PT,XDC,2022,0,2,,BRL,6
OECD.TAD.ARP:DSD_AGR_POLIND@DF_COMM(1.2),RUS,A,EFC,CPC_EX_PT,XDC,2024,-14552.1014,2,,RUB,6
OECD.TAD.ARP:DSD_AGR_POLIND@DF_COMM(1.2),RUS,A,EFC,CPC_EX_PT,XDC,2023,-31654.2228,2,,RUB,6
OECD.TAD.ARP:DSD_AGR_POLIND@DF_COMM(1.2),RUS,A,EFC,CPC_EX_PT,XDC,2022,-41108.2067,2,,RUB,6
OECD.TAD.ARP:DSD_AGR_POLIND@DF_COMM(1.2),IND,A,EFC,CPC_EX_PT,XDC,2024,16592.2411,2,,INR,6
OECD.TAD.ARP:DSD_AGR_POLIND@DF_COMM(1.2),IND,A,EFC,CPC_EX_PT,XDC,2023,-1389.1474,2,,INR,6
OECD.TAD.ARP:DSD_AGR_POLIND@DF_COMM(1.2),IND,A,EFC,CPC_EX_PT,XDC,2022,-26661.9885,2,,INR,6
OECD.TAD.ARP:DSD_AGR_POLIND@DF_COMM(1.2),EU,A,EFC,CPC_EX_PT,XDC,2024,51.42,2,,EUR,6
OECD.TAD.ARP:DSD_AGR_POLIND@DF_COMM(1.2),EU,A,EFC,CPC_EX_PT,XDC,2023,96.1381,2,,EUR,6
OECD.TAD.ARP:DSD_AGR_POLIND@DF_COMM(1.2),USA,A,PNPC,CPC_EX_PT,FCTR,2022,1,2,,,
OECD.TAD.ARP:DSD_AGR_POLIND@DF_COMM(1.2),KOR,A,PNPC,CPC_EX_PT,FCTR,2024,1,2,,,
OECD.TAD.ARP:DSD_AGR_POLIND@DF_COMM(1.2),KOR,A,PNPC,CPC_EX_PT,FCTR,2022,1,2,,,
OECD.TAD.ARP:DSD_AGR_POLIND@DF_COMM(1.2),IND,A,PNPC,CPC_EX_PT,FCTR,2024,1.3942,2,,,
OECD.TAD.ARP:DSD_AGR_POLIND@DF_COMM(1.2),IND,A,PNPC,CPC_EX_PT,FCTR,2023,1.2929,2,,,
OECD.TAD.ARP:DSD_AGR_POLIND@DF_COMM(1.2),IND,A,PNPC,CPC_EX_PT,FCTR,2022,1.2155,2,,,
OECD.TAD.ARP:DSD_AGR_POLIND@DF_COMM(1.2),EU,A,PNPC,CPC_EX_PT,FCTR,2024,1.4076,2,,,
OECD.TAD.ARP:DSD_AGR_POLIND@DF_COMM(1.2),EU,A,PNPC,CPC_EX_PT,FCTR,2023,1.448,2,,,
OECD.TAD.ARP:DSD_AGR_POLIND@DF_COMM(1.2),EU,A,PNPC,CPC_EX_PT,FCTR,2022,1.3032,2,,,
OECD.TAD.ARP:DSD_AGR_POLIND@DF_COMM(1.2),KOR,A,PNPC,CPC_EX_PT,FCTR,2023,1.2073,2,,,
OECD.TAD.ARP:DSD_AGR_POLIND@DF_COMM(1.2),KOR,A,PNPC,CPC_EX_PK,FCTR,2023,1.7023,2,,,
OECD.TAD.ARP:DSD_AGR_POLIND@DF_COMM(1.2),KOR,A,PNPC,CPC_EX_PK,FCTR,2022,1.7582,2,,,
OECD.TAD.ARP:DSD_AGR_POLIND@DF_COMM(1.2),RUS,A,PNPC,CPC_EX_BV,FCTR,2024,1.1279,2,,,
OECD.TAD.ARP:DSD_AGR_POLIND@DF_COMM(1.2),RUS,A,PNPC,CPC_EX_BV,FCTR,2023,1.1837,2,,,
OECD.TAD.ARP:DSD_AGR_POLIND@DF_COMM(1.2),RUS,A,PNPC,CPC_EX_BV,FCTR,2022,1.1718,2,,,
OECD.TAD.ARP:DSD_AGR_POLIND@DF_COMM(1.2),IND,A,PNPC,CPC_EX_BV,FCTR,2024,0.779,2,,,
OECD.TAD.ARP:DSD_AGR_POLIND@DF_COMM(1.2),IND,A,PNPC,CPC_EX_BV,FCTR,2023,0.8202,2,,,
OECD.TAD.ARP:DSD_AGR_POLIND@DF_COMM(1.2),IND,A,PNPC,CPC_EX_BV,FCTR,2022,0.8959,2,,,
OECD.TAD.ARP:DSD_AGR_POLIND@DF_COMM(1.2),EU,A,PNPC,CPC_EX_BV,FCTR,2024,1.5908,2,,,
OECD.TAD.ARP:DSD_AGR_POLIND@DF_COMM(1.2),EU,A,PNPC,CPC_EX_BV,FCTR,2023,1.4574,2,,,
OECD.TAD.ARP:DSD_AGR_POLIND@DF_COMM(1.2),EU,A,PNPC,CPC_EX_BV,FCTR,2022,1.1993,2,,,
OECD.TAD.ARP:DSD_AGR_POLIND@DF_COMM(1.2),KOR,A,PNPC,CPC_EX_BV,FCTR,2024,1.4099,2,,,
OECD.TAD.ARP:DSD_AGR_POLIND@DF_COMM(1.2),KOR,A,PNPC,CPC_EX_BV,FCTR,2023,1.4099,2,,,
OECD.TAD.ARP:DSD_AGR_POLIND@DF_COMM(1.2),KOR,A,PNPC,CPC_EX_BV,FCTR,2022,1.4101,2,,,
OECD.TAD.ARP:DSD_AGR_POLIND@DF_COMM(1.2),RUS,A,PNPC,CPC_EX_PT,FCTR,2024,1.0102,2,,,
OECD.TAD.ARP:DSD_AGR_POLIND@DF_COMM(1.2),RUS,A,PNPC,CPC_EX_PT,FCTR,2023,1.044,2,,,
OECD.TAD.ARP:DSD_AGR_POLIND@DF_COMM(1.2),RUS,A,PNPC,CPC_EX_PT,FCTR,2022,1.0701,2,,,
OECD.TAD.ARP:DSD_AGR_POLIND@DF_COMM(1.2),IND,A,PNPC,CPC_0141,FCTR,2024,1,2,,,
OECD.TAD.ARP:DSD_AGR_POLIND@DF_COMM(1.2),IND,A,PNPC,CPC_0141,FCTR,2023,1,2,,,
OECD.TAD.ARP:DSD_AGR_POLIND@DF_COMM(1.2),IND,A,PNPC,CPC_0141,FCTR,2022,1,2,,,
OECD.TAD.ARP:DSD_AGR_POLIND@DF_COMM(1.2),BRA,A,PNPC,CPC_0141,FCTR,2024,1,2,,,
OECD.TAD.ARP:DSD_AGR_POLIND@DF_COMM(1.2),BRA,A,PNPC,CPC_0112,FCTR,2024,1,2,,,
OECD.TAD.ARP:DSD_AGR_POLIND@DF_COMM(1.2),BRA,A,PNPC,CPC_0141,FCTR,2023,1,2,,,
OECD.TAD.ARP:DSD_AGR_POLIND@DF_COMM(1.2),BRA,A,PNPC,CPC_0141,FCTR,2022,1,2,,,
OECD.TAD.ARP:DSD_AGR_POLIND@DF_COMM(1.2),BRA,A,PNPC,CPC_0112,FCTR,2022,1,2,,,
OECD.TAD.ARP:DSD_AGR_POLIND@DF_COMM(1.2),USA,A,PNPC,CPC_0112,FCTR,2023,1,2,,,
OECD.TAD.ARP:DSD_AGR_POLIND@DF_COMM(1.2),USA,A,PNPC,CPC_0141,FCTR,2023,1,2,,,
OECD.TAD.ARP:DSD_AGR_POLIND@DF_COMM(1.2),USA,A,PNPC,CPC_0141,FCTR,2022,1,2,,,
OECD.TAD.ARP:DSD_AGR_POLIND@DF_COMM(1.2),USA,A,PNPC,CPC_0112,FCTR,2022,1,2,,,
OECD.TAD.ARP:DSD_AGR_POLIND@DF_COMM(1.2),EU,A,PNPC,CPC_0112,FCTR,2024,1,2,,,
OECD.TAD.ARP:DSD_AGR_POLIND@DF_COMM(1.2),EU,A,PNPC,CPC_0141,FCTR,2024,1,2,,,
OECD.TAD.ARP:DSD_AGR_POLIND@DF_COMM(1.2),EU,A,PNPC,CPC_0141,FCTR,2023,1,2,,,
OECD.TAD.ARP:DSD_AGR_POLIND@DF_COMM(1.2),EU,A,PNPC,CPC_0112,FCTR,2023,1,2,,,
OECD.TAD.ARP:DSD_AGR_POLIND@DF_COMM(1.2),EU,A,PNPC,CPC_0112,FCTR,2022,1,2,,,
OECD.TAD.ARP:DSD_AGR_POLIND@DF_COMM(1.2),EU,A,PNPC,CPC_0141,FCTR,2022,1,2,,,
OECD.TAD.ARP:DSD_AGR_POLIND@DF_COMM(1.2),USA,A,PNPC,CPC_0141,FCTR,2024,1.0001,2,,,
OECD.TAD.ARP:DSD_AGR_POLIND@DF_COMM(1.2),KOR,A,PNPC,CPC_0141,FCTR,2024,3.2425,2,,,
OECD.TAD.ARP:DSD_AGR_POLIND@DF_COMM(1.2),KOR,A,PNPC,CPC_0141,FCTR,2023,3.1973,2,,,
OECD.TAD.ARP:DSD_AGR_POLIND@DF_COMM(1.2),KOR,A,PNPC,CPC_0141,FCTR,2022,3.4794,2,,,
OECD.TAD.ARP:DSD_AGR_POLIND@DF_COMM(1.2),RUS,A,PNPC,CPC_0112,FCTR,2024,0.8217,2,,,
OECD.TAD.ARP:DSD_AGR_POLIND@DF_COMM(1.2),RUS,A,PNPC,CPC_0112,FCTR,2023,0.6094,2,,,
OECD.TAD.ARP:DSD_AGR_POLIND@DF_COMM(1.2),RUS,A,PNPC,CPC_0112,FCTR,2022,0.8506,2,,,
OECD.TAD.ARP:DSD_AGR_POLIND@DF_COMM(1.2),IND,A,PNPC,CPC_0112,FCTR,2024,1.2681,2,,,
OECD.TAD.ARP:DSD_AGR_POLIND@DF_COMM(1.2),IND,A,PNPC,CPC_0112,FCTR,2023,0.9799,2,,,
OECD.TAD.ARP:DSD_AGR_POLIND@DF_COMM(1.2),IND,A,PNPC,CPC_0112,FCTR,2022,0.7099,2,,,
OECD.TAD.ARP:DSD_AGR_POLIND@DF_COMM(1.2),BRA,A,PNPC,CPC_0112,FCTR,2023,1.1212,2,,,
OECD.TAD.ARP:DSD_AGR_POLIND@DF_COMM(1.2),USA,A,PNPC,CPC_0112,FCTR,2024,1.0001,2,,,
OECD.TAD.ARP:DSD_AGR_POLIND@DF_COMM(1.2),RUS,A,PNPC,CPC_EX_PK,FCTR,2024,1.1853,2,,,
OECD.TAD.ARP:DSD_AGR_POLIND@DF_COMM(1.2),RUS,A,PNPC,CPC_EX_PK,FCTR,2023,1.3021,2,,,
OECD.TAD.ARP:DSD_AGR_POLIND@DF_COMM(1.2),RUS,A,PNPC,CPC_EX_PK,FCTR,2022,1.6457,2,,,
OECD.TAD.ARP:DSD_AGR_POLIND@DF_COMM(1.2),BRA,A,PNPC,CPC_EX_PK,FCTR,2024,1.663,2,,,
OECD.TAD.ARP:DSD_AGR_POLIND@DF_COMM(1.2),EU,A,PNPC,CPC_EX_PK,FCTR,2024,1.0214,2,,,
OECD.TAD.ARP:DSD_AGR_POLIND@DF_COMM(1.2),EU,A,PNPC,CPC_EX_PK,FCTR,2023,1.0444,2,,,
OECD.TAD.ARP:DSD_AGR_POLIND@DF_COMM(1.2),KOR,A,PNPC,CPC_EX_PK,FCTR,2024,1.6981,2,,,
OECD.TAD.ARP:DSD_AGR_POLIND@DF_COMM(1.2),BRA,A,PNPC,CPC_EX_BV,FCTR,2024,1,2,,,
OECD.TAD.ARP:DSD_AGR_POLIND@DF_COMM(1.2),BRA,A,PNPC,CPC_EX_BV,FCTR,2023,1,2,,,
OECD.TAD.ARP:DSD_AGR_POLIND@DF_COMM(1.2),BRA,A,PNPC,CPC_EX_BV,FCTR,2022,1,2,,,
OECD.TAD.ARP:DSD_AGR_POLIND@DF_COMM(1.2),USA,A,PNPC,CPC_EX_BV,FCTR,2024,1,2,,,
OECD.TAD.ARP:DSD_AGR_POLIND@DF_COMM(1.2),USA,A,PNPC,CPC_EX_BV,FCTR,2023,1,2,,,
OECD.TAD.ARP:DSD_AGR_POLIND@DF_COMM(1.2),USA,A,PNPC,CPC_EX_BV,FCTR,2022,1,2,,,
OECD.TAD.ARP:DSD_AGR_POLIND@DF_COMM(1.2),BRA,A,PNPC,CPC_EX_PK,FCTR,2023,1,2,,,
OECD.TAD.ARP:DSD_AGR_POLIND@DF_COMM(1.2),BRA,A,PNPC,CPC_EX_PK,FCTR,2022,1,2,,,
OECD.TAD.ARP:DSD_AGR_POLIND@DF_COMM(1.2),EU,A,PNPC,CPC_EX_PK,FCTR,2022,1,2,,,
OECD.TAD.ARP:DSD_AGR_POLIND@DF_COMM(1.2),USA,A,PNPC,CPC_EX_PK,FCTR,2024,1,2,,,
OECD.TAD.ARP:DSD_AGR_POLIND@DF_COMM(1.2),USA,A,PNPC,CPC_EX_PK,FCTR,2023,1,2,,,
OECD.TAD.ARP:DSD_AGR_POLIND@DF_COMM(1.2),USA,A,PNPC,CPC_EX_PK,FCTR,2022,1,2,,,
OECD.TAD.ARP:DSD_AGR_POLIND@DF_COMM(1.2),BRA,A,PNPC,CPC_EX_PT,FCTR,2024,1,2,,,
OECD.TAD.ARP:DSD_AGR_POLIND@DF_COMM(1.2),BRA,A,PNPC,CPC_EX_PT,FCTR,2023,1,2,,,
OECD.TAD.ARP:DSD_AGR_POLIND@DF_COMM(1.2),BRA,A,PNPC,CPC_EX_PT,FCTR,2022,1,2,,,
OECD.TAD.ARP:DSD_AGR_POLIND@DF_COMM(1.2),USA,A,PNPC,CPC_EX_PT,FCTR,2024,1,2,,,
OECD.TAD.ARP:DSD_AGR_POLIND@DF_COMM(1.2),RUS,A,EFC,CPC_EX_PK,EUR,2023,-464.0828,2,,,6
OECD.TAD.ARP:DSD_AGR_POLIND@DF_COMM(1.2),RUS,A,EFC,CPC_EX_PK,USD,2023,-501.7979,2,,,6
OECD.TAD.ARP:DSD_AGR_POLIND@DF_COMM(1.2),EU,A,EFC,CPC_EX_PT,XDC,2022,0.7528,2,,EUR,6
OECD.TAD.ARP:DSD_AGR_POLIND@DF_COMM(1.2),USA,A,PNPC,CPC_EX_PT,FCTR,2023,1,2,,,
