source_id,citation,title,author_or_publisher,date,url,doi,source_type,accessed,notes
PAN-01,"WHO Regional Office for the Western Pacific. ""Avian Influenza Weekly Update Number 1063."" 25 September 2026. https://cdn.who.int/media/docs/default-source/wpro---documents/emergency/surveillance/avian-influenza/ai_20260925.pdf",Avian Influenza Weekly Update Number 1063,WHO Regional Office for the Western Pacific,2026-09-25,https://cdn.who.int/media/docs/default-source/wpro---documents/emergency/surveillance/avian-influenza/ai_20260925.pdf,,intergovernmental,2026-10-01,"PDF read in full (pdftotext); excerpt saved in raw/. Viet Nam H5N1 130 cases, 65 deaths, 2003 to 6 Sep 2026; none in 2026; A(H5) Long An case Nov 2024; one Vietnamese H9N2 case. Update 1029 (16 Jan 2026) also read for the 2025 column."
PAN-02,"WHO. ""Avian Influenza A(H5N1) - Viet Nam."" Disease Outbreak News, 2 April 2024. https://www.who.int/emergencies/disease-outbreak-news/item/2024-DON511",Avian Influenza A(H5N1) - Viet Nam (DON511),World Health Organization,2024-04-02,https://www.who.int/emergencies/disease-outbreak-news/item/2024-DON511,,intergovernmental,2026-10-01,"Khanh Hoa case, man aged 21, died 23 Mar 2024; exposure bird hunting; cumulative then 129 cases, 65 deaths."
PAN-03,"USDA Foreign Agricultural Service. ""Vietnam African Swine Fever Update."" GAIN report VM2020-0032, Hanoi, 10 April 2020. https://apps.fas.usda.gov/newgainapi/api/Report/DownloadReportByFileName?fileName=Vietnam+African+Swine+Fever+Update_Hanoi_Vietnam_04-08-2020",Vietnam African Swine Fever Update (VM2020-0032),"USDA Foreign Agricultural Service, Post Hanoi",2020-04-10,https://apps.fas.usda.gov/newgainapi/api/Report/DownloadReportByFileName?fileName=Vietnam+African+Swine+Fever+Update_Hanoi_Vietnam_04-08-2020,,gov/statistics,2026-10-01,"PDF read in full. 2019 culls 5.9 M (23%); herd, sow and output changes (MARD data); hog prices; Q1 2020 pork supply; pork imports ordered; Notice 132/TB-VPCP; poultry output +16.5%; early 2020 HPAI."
PAN-04,"Bao Dau Tu. ""Dịch tả lợn châu Phi lan rộng, giá thịt lợn tiếp đà suy giảm."" 27 May 2019. https://baodautu.vn/dich-ta-lon-chau-phi-lan-rong-gia-thit-lon-tiep-da-suy-giam-d100998.html","Dịch tả lợn châu Phi lan rộng, giá thịt lợn tiếp đà suy giảm",Báo Đầu tư,2019-05-27,https://baodautu.vn/dich-ta-lon-chau-phi-lan-rong-gia-thit-lon-tiep-da-suy-giam-d100998.html,,press,2026-10-01,"Read via fetch tool. ASF in 43 of 63 provinces; over 1.7 M pigs culled by 24 May 2019; live pig VND 24,000 to 35,000 per kg by region."
PAN-05,"VOV2. ""Dịch tả lợn châu Phi bùng phát tại nhiều địa phương."" 23 July 2025. https://vov2.vov.vn/suc-khoe/dich-ta-lon-chau-phi-bung-phat-tai-nhieu-dia-phuong-54182.vov2",Dịch tả lợn châu Phi bùng phát tại nhiều địa phương,Đài Tiếng nói Việt Nam (VOV2),2025-07-23,https://vov2.vov.vn/suc-khoe/dich-ta-lon-chau-phi-bung-phat-tai-nhieu-dia-phuong-54182.vov2,,press,2026-10-01,"Read via fetch tool. To 22 Jul 2025: 636 outbreaks in over 28 of 34 provinces; over 43,000 pigs dead or culled."
PAN-06,"Nhan Dan. ""Tập trung ứng phó dịch tả lợn châu Phi."" 21 August 2025. https://nhandan.vn/tap-trung-ung-pho-dich-ta-lon-chau-phi-post902358.html",Tập trung ứng phó dịch tả lợn châu Phi,Báo Nhân Dân,2025-08-21,https://nhandan.vn/tap-trung-ung-pho-dich-ta-lon-chau-phi-post902358.html,,press,2026-10-01,"Read via fetch tool. MAE figures: 926 outbreaks not past 21 days in 34 provinces; over 330,000 pigs culled (about 0.9% of herd); about 7.8 M vaccine doses supplied; vaccination rate low."
PAN-07,"VnEconomy. ""Dồn tổng lực xử lý các ổ dịch bệnh trên vật nuôi."" 18 June 2024. https://vneconomy.vn/don-tong-luc-xu-ly-cac-o-dich-benh-tren-vat-nuoi.htm",Dồn tổng lực xử lý các ổ dịch bệnh trên vật nuôi,VnEconomy,2024-06-18,https://vneconomy.vn/don-tong-luc-xu-ly-cac-o-dich-benh-tren-vat-nuoi.htm,,press,2026-10-01,"Read via fetch tool. Department of Animal Health deputy director: H1 2024 468 ASF outbreaks in 41 provinces, 22,011 pigs; 7 H5N1 outbreaks, 12,424 birds; FMD 44 outbreaks."
PAN-08,"Hsu, Schambow, Huang, et al. ""The evolving landscape of African swine fever: the game-changing impact of recombinant genotype I/II on Asia-Pacific control strategies."" Frontiers in Veterinary Science 13. 2026. https://doi.org/10.3389/fvets.2026.1855026",The evolving landscape of African swine fever: the game-changing impact of recombinant genotype I/II on Asia-Pacific control strategies,Hsu; Schambow; Huang; et al.,2026-07-15,https://doi.org/10.3389/fvets.2026.1855026,10.3389/fvets.2026.1855026,peer-reviewed,2026-10-01,Abstract via PubMed (PMID 42529663). Scoping review; genotype II vaccine candidates give limited cross-protection; diagnostics may under-detect recombinants. First author initials not captured.
PAN-09,"Bnews (Vietnam News Agency). ""Tăng tốc tiêm vaccine, khống chế các ổ dịch cúm gia cầm còn tồn tại."" 24 July 2026. https://bnews.vn/tang-toc-tiem-vaccine-khong-che-cac-o-dich-cum-gia-cam-con-ton-tai/429988.html","Tăng tốc tiêm vaccine, khống chế các ổ dịch cúm gia cầm còn tồn tại","Bnews, Thông tấn xã Việt Nam",2026-07-24,https://bnews.vn/tang-toc-tiem-vaccine-khong-che-cac-o-dich-cum-gia-cam-con-ton-tai/429988.html,,press,2026-10-01,"Read via fetch tool. Department of Livestock Production and Animal Health figures: 80 HPAI outbreaks in 73 communes of 17 provinces in 2026; over 349,400 birds; first-round vaccination 51.44%."
PAN-10,"VietnamPlus. ""Kế hoạch quốc gia phòng, chống dịch bệnh ở gia súc, gia cầm giai đoạn 2026-2030."" 2 May 2026. https://www.vietnamplus.vn/ke-hoach-quoc-gia-phong-chong-dich-benh-o-gia-suc-gia-cam-giai-doan-2026-2030-post1108215.vnp","Kế hoạch quốc gia phòng, chống dịch bệnh ở gia súc, gia cầm giai đoạn 2026-2030",VietnamPlus (Vietnam News Agency),2026-05-02,https://www.vietnamplus.vn/ke-hoach-quoc-gia-phong-chong-dich-benh-o-gia-suc-gia-cam-giai-doan-2026-2030-post1108215.vnp,,press,2026-10-01,"Read via fetch tool. Summary of Decision 779/QD-TTg (2 May 2026): 30% outbreak reduction targets for HPAI, FMD and ASF to 2030. Primary decision text not read."
PAN-11,"Huong V.T.L., Turner H.C., Kinh N.V., Thai P.Q., et al. ""Burden of disease and economic impact of human Streptococcus suis infection in Viet Nam."" Transactions of the Royal Society of Tropical Medicine and Hygiene 113(6). 2019. https://doi.org/10.1093/trstmh/trz004",Burden of disease and economic impact of human Streptococcus suis infection in Viet Nam,Huong V.T.L.; Turner H.C.; Kinh N.V.; Thai P.Q.; et al.,2019-06-01,https://doi.org/10.1093/trstmh/trz004,10.1093/trstmh/trz004,peer-reviewed,2026-10-01,"Abstract via PubMed (PMID 30809669). Incidence 2011 to 2014, DALYs, direct and indirect costs."
PAN-12,"Huong V.T.L., Ha N., Huy N.T., Horby P., et al. ""Epidemiology, clinical manifestations, and outcomes of Streptococcus suis infection in humans."" Emerging Infectious Diseases 20(7): 1105 to 1114. 2014. https://doi.org/10.3201/eid2007.131594","Epidemiology, clinical manifestations, and outcomes of Streptococcus suis infection in humans",Huong V.T.L.; Ha N.; Huy N.T.; Horby P.; et al.,2014-07,https://doi.org/10.3201/eid2007.131594,10.3201/eid2007.131594,peer-reviewed,2026-10-01,"Abstract via PubMed (PMID 24959701). Global meta-analysis: 38.1% occupational, 37.3% high-risk food, case fatality 12.8%."
PAN-13,"The N.T., Lam N.X., Luan N.D., Steinke S., et al. ""Predictors of mortality and clinical outcomes in adult bacterial meningitis in Northern Vietnam: A seven-year cohort analysis."" International Journal of Infectious Diseases. 2026. https://doi.org/10.1016/j.ijid.2026.108557",Predictors of mortality and clinical outcomes in adult bacterial meningitis in Northern Vietnam: A seven-year cohort analysis,The N.T.; Lam N.X.; Luan N.D.; Steinke S.; et al.,2026-03-20,https://doi.org/10.1016/j.ijid.2026.108557,10.1016/j.ijid.2026.108557,peer-reviewed,2026-10-01,"Abstract via PubMed (PMID 41864265). S. suis predominant pathogen (26 of 62 identified), 2018 to 2024, one tertiary hospital."
PAN-14,"Kerdsin A., Nuanuansuwan S., Kajeekul R., Fittipaldi N., et al. ""Streptococcus suis disease in Southeast Asia: microbiology and epidemiology in humans and pigs."" Clinical Microbiology Reviews. 2026. https://doi.org/10.1128/cmr.00133-25",Streptococcus suis disease in Southeast Asia: microbiology and epidemiology in humans and pigs,Kerdsin A.; Nuanuansuwan S.; Kajeekul R.; Fittipaldi N.; et al.,2026-08-11,https://doi.org/10.1128/cmr.00133-25,10.1128/cmr.00133-25,peer-reviewed,2026-10-01,Abstract via PubMed (PMID 42578659). Regional review; Thailand and Vietnam highest case numbers; raw or undercooked pork and occupational exposure.
PAN-15,"VTV. ""Khuyến cáo thay đổi thói quen ăn uống để phòng bệnh liên cầu lợn."" 14 January 2026. https://vtv.vn/khuyen-cao-thay-doi-thoi-quen-an-uong-de-phong-benh-lien-cau-lon-100260114144025641.htm",Khuyến cáo thay đổi thói quen ăn uống để phòng bệnh liên cầu lợn,Đài Truyền hình Việt Nam (VTV),2026-01-14,https://vtv.vn/khuyen-cao-thay-doi-thoi-quen-an-uong-de-phong-benh-lien-cau-lon-100260114144025641.htm,,press,2026-10-01,Read via fetch tool. MOH Department of Disease Prevention: 123 human S. suis cases and 2 deaths in 2025; tiet canh named.
PAN-16,"VOV. ""Cảnh báo nguy cơ tử vong do nhiễm liên cầu lợn."" 9 May 2024. https://vov.vn/xa-hoi/canh-bao-nguy-co-tu-vong-do-nhiem-lien-cau-lon-post1093939.vov",Cảnh báo nguy cơ tử vong do nhiễm liên cầu lợn,Đài Tiếng nói Việt Nam (VOV),2024-05-09,https://vov.vn/xa-hoi/canh-bao-nguy-co-tu-vong-do-nhiem-lien-cau-lon-post1093939.vov,,press,2026-10-01,Read via fetch tool. National Hospital for Tropical Diseases treats 50 to 100 S. suis patients a year; 2024 deaths.
PAN-17,"Ngo H.H.T., Nguyen-Thanh L., Pham-Duc P., Dang-Xuan S., et al. ""Microbial contamination and associated risk factors in retailed pork from key value chains in Northern Vietnam."" International Journal of Food Microbiology 346: 109163. 2021. https://doi.org/10.1016/j.ijfoodmicro.2021.109163",Microbial contamination and associated risk factors in retailed pork from key value chains in Northern Vietnam,Ngo H.H.T.; Nguyen-Thanh L.; Pham-Duc P.; Dang-Xuan S.; et al.,2021-03-17,https://doi.org/10.1016/j.ijfoodmicro.2021.109163,10.1016/j.ijfoodmicro.2021.109163,peer-reviewed,2026-10-01,Abstract via PubMed (PMID 33798966). Salmonella in 58.1% of 671 retail pork samples.
PAN-18,"Dang-Xuan S., Nguyen-Viet H., Unger F., Pham-Duc P., et al. ""Quantitative risk assessment of human salmonellosis in the smallholder pig value chains in urban of Vietnam."" International Journal of Public Health 62 (Suppl 1): 93 to 102. 2017 (online 2016). https://doi.org/10.1007/s00038-016-0921-x",Quantitative risk assessment of human salmonellosis in the smallholder pig value chains in urban of Vietnam,Dang-Xuan S.; Nguyen-Viet H.; Unger F.; Pham-Duc P.; et al.,2016-11-11,https://doi.org/10.1007/s00038-016-0921-x,10.1007/s00038-016-0921-x,peer-reviewed,2026-10-01,"Abstract via PubMed (PMID 27837223). Modelled annual incidence 17.7% (90% CI 0.89 to 45.96%), boiled pork, urban Hung Yen."
PAN-19,"Holohan N., Wallat M., Luu T.H.Y., Clark E., et al. ""Analysis of Antimicrobial Resistance in Non-typhoidal Salmonella Collected From Pork Retail Outlets and Slaughterhouses in Vietnam Using Whole Genome Sequencing."" Frontiers in Veterinary Science 9: 816279. 2022. https://doi.org/10.3389/fvets.2022.816279",Analysis of Antimicrobial Resistance in Non-typhoidal Salmonella Collected From Pork Retail Outlets and Slaughterhouses in Vietnam Using Whole Genome Sequencing,Holohan N.; Wallat M.; Luu T.H.Y.; Clark E.; et al.,2022-03-29,https://doi.org/10.3389/fvets.2022.816279,10.3389/fvets.2022.816279,peer-reviewed,2026-10-01,Abstract via PubMed (PMID 35425826). 59.4% of 69 isolates MDR; colistin resistance in 18.
PAN-20,"Nguyen-Viet H., Tuyet-Hanh T.T., Unger F., Dang-Xuan S., Grace D. ""Food safety in Vietnam: where we are at and what we can learn from international experiences."" Infectious Diseases of Poverty 6: 39. 2017. https://doi.org/10.1186/s40249-017-0249-7",Food safety in Vietnam: where we are at and what we can learn from international experiences,Nguyen-Viet H.; Tuyet-Hanh T.T.; Unger F.; Dang-Xuan S.; Grace D.,2017-02-16,https://doi.org/10.1186/s40249-017-0249-7,10.1186/s40249-017-0249-7,peer-reviewed,2026-10-01,Abstract via PubMed (PMID 28209208). Contribution of contaminated food to foodborne disease burden unclear.
PAN-21,"Phu D.H., Cuong N.V., Truong D.B., Kiet B.T., et al. ""Reducing Antimicrobial Usage in Small-Scale Chicken Farms in Vietnam: A 3-Year Intervention Study."" Frontiers in Veterinary Science 7: 612993. 2021. https://doi.org/10.3389/fvets.2020.612993",Reducing Antimicrobial Usage in Small-Scale Chicken Farms in Vietnam: A 3-Year Intervention Study,Phu D.H.; Cuong N.V.; Truong D.B.; Kiet B.T.; et al.,2021-01-28,https://doi.org/10.3389/fvets.2020.612993,10.3389/fvets.2020.612993,peer-reviewed,2026-10-01,"Abstract via PubMed (PMID 33585602). AMU down 66%, mortality down 40%; 35 of 102 farms entered intervention."
PAN-22,"Nhung N.T., Yen N.T.P., Dung N.T.T., Nhan N.T.M., et al. ""Antimicrobial resistance in commensal Escherichia coli from humans and chickens in the Mekong Delta of Vietnam is driven by antimicrobial usage and potential cross-species transmission."" JAC-Antimicrobial Resistance 4(3): dlac054. 2022. https://doi.org/10.1093/jacamr/dlac054",Antimicrobial resistance in commensal E. coli from humans and chickens in the Mekong Delta of Vietnam is driven by antimicrobial usage and potential cross-species transmission,Nhung N.T.; Yen N.T.P.; Dung N.T.T.; Nhan N.T.M.; et al.,2022-05-27,https://doi.org/10.1093/jacamr/dlac054,10.1093/jacamr/dlac054,peer-reviewed,2026-10-01,"Abstract via PubMed (PMID 35663829). AMU 291.1 per 1,000 chicken-days against 15.1 per 1,000 person-days."
PAN-23,"Cuong N.V., Kiet B.T., Phu D.H., Van N.T.B., et al. ""Effects of prophylactic and therapeutic antimicrobial uses in small-scale chicken flocks."" Zoonoses and Public Health 68(5): 483 to 492. 2021. https://doi.org/10.1111/zph.12839",Effects of prophylactic and therapeutic antimicrobial uses in small-scale chicken flocks,Cuong N.V.; Kiet B.T.; Phu D.H.; Van N.T.B.; et al.,2021-05-02,https://doi.org/10.1111/zph.12839,10.1111/zph.12839,peer-reviewed,2026-10-01,Abstract via PubMed (PMID 33934522). Prophylactic AMU never reduced probability of disease (322 flocks).
PAN-24,"Suc khoe va Doi song. ""Phê duyệt Chiến lược quốc gia về phòng, chống kháng thuốc giai đoạn 2023-2030, tầm nhìn đến năm 2045."" 26 September 2023. https://suckhoedoisong.vn/phe-duyet-chien-luoc-quoc-gia-ve-phong-chong-khang-thuoc-giai-doan-2023-2030-tam-nhin-den-nam-2045-169230926145516045.htm","Phê duyệt Chiến lược quốc gia về phòng, chống kháng thuốc giai đoạn 2023-2030, tầm nhìn đến năm 2045",Báo Sức khỏe và Đời sống (Ministry of Health),2023-09-26,https://suckhoedoisong.vn/phe-duyet-chien-luoc-quoc-gia-ve-phong-chong-khang-thuoc-giai-doan-2023-2030-tam-nhin-den-nam-2045-169230926145516045.htm,,press,2026-10-01,Read via fetch tool. Decision 1121/QD-TTg (25 Sep 2023); veterinary AMR action plan 2024 to 2030 assigned to MARD (now MAE); no numeric animal target in summary. Primary text on thuvienphapluat.vn returned 403.
PAN-25,"Huong N.Q., Nga N.T.T., Long N.V., Luu B.D., et al. ""Coronavirus testing indicates transmission risk increases along wildlife supply chains for human consumption in Viet Nam, 2013-2014."" PLoS One 15(8): e0237129. 2020. https://doi.org/10.1371/journal.pone.0237129","Coronavirus testing indicates transmission risk increases along wildlife supply chains for human consumption in Viet Nam, 2013-2014",Huong N.Q.; Nga N.T.T.; Long N.V.; Luu B.D.; et al.,2020-08-10,https://doi.org/10.1371/journal.pone.0237129,10.1371/journal.pone.0237129,peer-reviewed,2026-10-01,Abstract via PubMed (PMID 32776964). Field rats 20.7% (traders) to 55.6% (restaurants) coronavirus positive; 17 of 28 wildlife farms.
PAN-26,"Guan L., Babujee L., Presler R., Pattinson D., et al. ""Avian H6 Influenza Viruses in Vietnamese Live Bird Markets during 2018-2021."" Viruses 16(3): 367. 2024. https://doi.org/10.3390/v16030367",Avian H6 Influenza Viruses in Vietnamese Live Bird Markets during 2018-2021,Guan L.; Babujee L.; Presler R.; Pattinson D.; et al.,2024-02-27,https://doi.org/10.3390/v16030367,10.3390/v16030367,peer-reviewed,2026-10-01,Abstract via PubMed (PMID 38543733). 287 H6-positive samples; co-infections; dual receptor binding.
PAN-27,"Espinosa R., Tago D., Treich N. ""Infectious Diseases and Meat Production."" Environmental and Resource Economics 76(4): 1019 to 1044. 2020. https://doi.org/10.1007/s10640-020-00484-3",Infectious Diseases and Meat Production,Espinosa R.; Tago D.; Treich N.,2020-08-04,https://doi.org/10.1007/s10640-020-00484-3,10.1007/s10640-020-00484-3,peer-reviewed,2026-10-01,Abstract via PubMed (PMID 32836843). Review and policy paper: backyard and bushmeat raise wildlife transmission; intensive farming amplifies; proposes meat reduction and a zoonotic tax. No quantified effect.
PAN-28,"Bernstein A.S., Ando A.W., Loch-Temzelides T., Vale M.M., et al. ""The costs and benefits of primary prevention of zoonotic pandemics."" Science Advances 8(5): eabl4183. 2022. https://doi.org/10.1126/sciadv.abl4183",The costs and benefits of primary prevention of zoonotic pandemics,Bernstein A.S.; Ando A.W.; Loch-Temzelides T.; Vale M.M.; et al.,2022-02-04,https://doi.org/10.1126/sciadv.abl4183,10.1126/sciadv.abl4183,peer-reviewed,2026-10-01,"Abstract via PubMed (PMID 35119921). Surveillance, wildlife-trade management and less deforestation cost under 1/20th of value of lives lost yearly."
PAN-29,"Yang D., Heederik D.J.J., Scherpenisse P., Van Gompel L., et al. ""Antimicrobial resistance genes aph(3')-III, erm(B), sul2 and tet(W) abundance in animal faeces, meat, production environments and human faeces in Europe."" Journal of Antimicrobial Chemotherapy 77(7): 1883 to 1893. 2022. https://doi.org/10.1093/jac/dkac133","Antimicrobial resistance genes aph(3')-III, erm(B), sul2 and tet(W) abundance in animal faeces, meat, production environments and human faeces in Europe",Yang D.; Heederik D.J.J.; Scherpenisse P.; Van Gompel L.; et al.,2022-06-29,https://doi.org/10.1093/jac/dkac133,10.1093/jac/dkac133,peer-reviewed,2026-10-01,Abstract via PubMed (PMID 35466367). ARG abundance farmers > slaughter workers > controls; tracks AMU and biosecurity.
PAN-30,"Greger M. ""Primary Pandemic Prevention."" American Journal of Lifestyle Medicine 15(5): 498 to 505. 2021. https://doi.org/10.1177/15598276211008134",Primary Pandemic Prevention,Greger M. (NutritionFacts.org),2021-05-03,https://doi.org/10.1177/15598276211008134,10.1177/15598276211008134,peer-reviewed,2026-10-01,"Abstract via PubMed (PMID 34646097). Review by an author from an advocacy organisation; argues plant-based and cultivated meat reduce pandemic risk; no measured effect. Cited as an example of the claim, not as evidence."
PAN-31,"Neveceralova P., Raschmanova H., Gorilak P., Cerny J. ""Shaping the Future Plate: Exploring the Safety Concerns of Cultivated and Conventional Meat Production."" Physiological Research 75(4): 645 to 657. 2026. https://doi.org/10.33549/physiolres.935712",Shaping the Future Plate: Exploring the Safety Concerns of Cultivated and Conventional Meat Production,Neveceralova P.; Raschmanova H.; Gorilak P.; Cerny J. (BeneMeat Technologies),2026-08-31,https://doi.org/10.33549/physiolres.935712,10.33549/physiolres.935712,peer-reviewed,2026-10-01,Abstract via PubMed (PMID 42708863). Review by authors from a cultivated-meat company; asserts reduced zoonotic and antibiotic-resistance risk; no measured effect. Cited as an example of the claim.
PAN-32,"LuatVietnam (English). ""Directive No. 29/CT-TTg on a number of urgent solutions for wildlife management."" Prime Minister, 23 July 2020. https://english.luatvietnam.vn/directive-no-29-ct-ttg-on-a-number-of-urgent-solutions-for-wildlife-management-187252-doc1.html",Directive No. 29/CT-TTg on a number of urgent solutions for wildlife management,Prime Minister of Viet Nam (English text via LuatVietnam),2020-07-23,https://english.luatvietnam.vn/directive-no-29-ct-ttg-on-a-number-of-urgent-solutions-for-wildlife-management-187252-doc1.html,,law,2026-10-01,"Read via fetch tool (English translation). Wildlife import stop, market closures, wildlife farm databases and veterinary supervision. Vietnamese original on thuvienphapluat.vn not reachable (403)."
PAN-33,"MAE Department of Livestock Production and Animal Health (Cục Chăn nuôi và Thú y). Official Letter 2481/CNTY-DT ""V/v cập nhật tình hình lưu hành vi rút DTLCP và vắc xin phòng bệnh DTLCP."" Hanoi, 12 September 2025. https://nguoichannuoi.vn/wp-content/uploads/2025/09/CAP-NHAT-LUU-HANH-ASFV-12.09.2025.pdf",Công văn 2481/CNTY-DT cập nhật tình hình lưu hành vi rút DTLCP và vắc xin phòng bệnh DTLCP,"Bộ Nông nghiệp và Môi trường, Cục Chăn nuôi và Thú y",2025-09-12,https://nguoichannuoi.vn/wp-content/uploads/2025/09/CAP-NHAT-LUU-HANH-ASFV-12.09.2025.pdf,,gov/statistics,2026-10-01,"Signed PDF (14 pages) read in full via pdftotext, hosted by a livestock magazine site; excerpt in raw/. 2025 recombinant share 79% north, 76% centre, 60% south; licensed vaccines genotype II only. Appendix lists samples 2023 to 2025."
PAN-34,"Dan Tri. ""Sợ ăn phải thịt lợn trúng dịch tả, dân Việt đổ xô sang rau, đậu phụ."" 16 March 2019. https://dantri.com.vn/kinh-doanh/so-an-phai-thit-lon-trung-dich-ta-dan-viet-do-xo-sang-rau-dau-phu-20190316002919397.htm","Sợ ăn phải thịt lợn trúng dịch tả, dân Việt đổ xô sang rau, đậu phụ",Báo Dân trí,2019-03-16,https://dantri.com.vn/kinh-doanh/so-an-phai-thit-lon-trung-dich-ta-dan-viet-do-xo-sang-rau-dau-phu-20190316002919397.htm,,press,2026-10-01,"Read via fetch tool. Hanoi consumer and trader quotes; vegetable, tofu, fish and beef price rises. Anecdotal."
PAN-35,"Nhan Dan. ""Dịch chuyển khẩu vị do dịch tả lợn châu Phi."" 15 August 2025. https://nhandan.vn/dich-chuyen-khau-vi-do-dich-ta-lon-chau-phi-post900640.html",Dịch chuyển khẩu vị do dịch tả lợn châu Phi,Báo Nhân Dân,2025-08-15,https://nhandan.vn/dich-chuyen-khau-vi-do-dich-ta-lon-chau-phi-post900640.html,,press,2026-10-01,Read via fetch tool. Opinion piece; no data.
PAN-36,"Chuong V.D., Schambow R.A., Hsu, et al. ""A spatiotemporal analysis of the spread of African swine fever in Vietnam in 2019."" Frontiers in Veterinary Science 13. 2026. https://doi.org/10.3389/fvets.2026.1858865",A spatiotemporal analysis of the spread of African swine fever in Vietnam in 2019,Chuong V.D.; Schambow R.A.; Hsu; et al.,2026-07-08,https://doi.org/10.3389/fvets.2026.1858865,10.3389/fvets.2026.1858865,peer-reviewed,2026-10-01,"Abstract via PubMed (PMID 42488908). 8,509 of 11,055 communes (77%); 7.6% weekly growth; doubling about 9.5 weeks. Third author initials not captured."
PAN-37,"Nguyen, Pamornchainavakul, VanderWaal, et al. ""Comparative epidemiology and preparedness for African swine fever and porcine reproductive and respiratory syndrome in four major Asian swine industries."" Frontiers in Veterinary Science 13. 2026. https://doi.org/10.3389/fvets.2026.1888726",Comparative epidemiology and preparedness for African swine fever and porcine reproductive and respiratory syndrome in four major Asian swine industries,Nguyen; Pamornchainavakul; VanderWaal; et al.,2026-07-20,https://doi.org/10.3389/fvets.2026.1888726,10.3389/fvets.2026.1888726,peer-reviewed,2026-10-01,Abstract via PubMed (PMID 42548586). Narrative review; Vietnam relies on partial live-attenuated vaccination. Author initials not captured.
PAN-38,"Bao Ha Tinh. ""Hà Tĩnh khống chế dịch tả lợn châu Phi trong diện hẹp, ổn định nguồn cung thịt cuối năm."" 30 September 2026. https://baohatinh.vn/ha-tinh-khong-che-dich-ta-lon-chau-phi-trong-dien-hep-on-dinh-nguon-cung-thit-cuoi-nam-post317978.html","Hà Tĩnh khống chế dịch tả lợn châu Phi trong diện hẹp, ổn định nguồn cung thịt cuối năm",Báo Hà Tĩnh,2026-09-30,https://baohatinh.vn/ha-tinh-khong-che-dich-ta-lon-chau-phi-trong-dien-hep-on-dinh-nguon-cung-thit-cuoi-nam-post317978.html,,press,2026-10-01,"Read via fetch tool. ASF active nationally in Thai Nguyen, Dong Nai, Hanoi; five Ha Tinh communes. No national totals."
PAN-39,"Soda K., Kashiwabara M., Miura K., Ung T.T.H., et al. ""Characterization of H3 subtype avian influenza viruses isolated from poultry in Vietnam."" Virus Genes 56(6): 712 to 723. 2020. https://doi.org/10.1007/s11262-020-01797-7",Characterization of H3 subtype avian influenza viruses isolated from poultry in Vietnam,Soda K.; Kashiwabara M.; Miura K.; Ung T.T.H.; et al.,2020-09-29,https://doi.org/10.1007/s11262-020-01797-7,10.1007/s11262-020-01797-7,peer-reviewed,2026-10-01,Abstract via PubMed (PMID 32996077). Poultry usually reared outside; wild waterbird virus exposure.
PAN-40,"VnEconomy. ""Sử dụng kháng sinh có kiểm soát: Hướng đi bền vững cho ngành chăn nuôi."" 22 September 2025. https://vneconomy.vn/su-dung-khang-sinh-co-kiem-soat-huong-di-ben-vung-cho-nganh-chan-nuoi.htm",Sử dụng kháng sinh có kiểm soát: Hướng đi bền vững cho ngành chăn nuôi,VnEconomy,2025-09-22,https://vneconomy.vn/su-dung-khang-sinh-co-kiem-soat-huong-di-ben-vung-cho-nganh-chan-nuoi.htm,,press,2026-10-01,"Read via fetch tool. Cites one researcher: resistance of 70% or more in Salmonella, E. coli, S. aureus; Circular 12/2020; 2026 prophylaxis ban. Low."
